word,DELMET,wordcat,word_1,label_1
And,0,CJ,ultimate,1
there,0,EX,defence,0
is,0,V,money,0
always,0,AV,backers,0
the,0,AT,formed,0
ultimate,0,AJ,procession,0
unbundler,0,N,coffin,0
defence,1,N,mountains,0
that,0,CJ,capital,0
he,0,PN,reburial,0
will,0,V,monastery,0
make,1,V,transferred,0
money,0,N,abstraction,0
for,0,PR,music,0
his,0,DP,life,0
backers,0,N,sitter,0
Then,0,AV,drawing,0
they,0,PN,technique,0
formed,0,V,painter,0
a,0,AT,employ,0
slow,0,AJ,portraits,0
procession,0,N,combination,0
behind,0,PR,habit,0
the,0,AT,response,0
coffin,0,N,subject,0
into,0,PR,cases,0
the,0,AT,quangos,0
mountains,0,N,merge,0
to,0,PR,existing,0
the,0,AT,ones,0
old,0,AJ,replace,0
royal,0,AJ,bodies,0
capital,0,N,success,0
of,0,PR,relationship,0
Cetinje,0,N,lot,0
for,0,PR,marriage,0
his,0,DP,themselves,0
reburial,0,N,author,0
in,0,PR,illustrator,0
the,0,AT,separate,0
monastery,0,N,roles,0
there,0,AV,partnership,0
Just+as+so,0,AV + CJ + AV,book-makers,0
Thomson,0,N,contributing,0
transferred,1,V,process,0
Stein,0,N,holding,0
literary,0,AJ,meetings,0
abstraction,0,N,children,0
to,1,PR,having,0
music,0,N,telecottage,0
life,2,N,store,0
from,2,PR,people,0
sitter,2,N,life,0
drawing,2,V,entrepreneurs,0
technique,2,N,spouses,0
painter,2,N,shop+assistants,0
employ,2,V,craftspeople,0
portraits,2,N,children,0
these,2,DT,chants,0
unusually,0,AV,humiliation,0
the,0,AT,side,0
of,0,PR,start,0
the,0,AT,season,0
an,0,AT,going-over,0
ideal,0,AJ,players,0
combination,0,N,secretary,0
of,0,PR,workers,0
Thomson,0,N,union,0
habit,1,N,vote,0
of,0,PR,defence,0
immediate,1,AJ,policy,0
response,1,N,majority,0
with,1,PR,right-wingers,0
an,0,AT,warned,0
actual,0,AJ,leaders,0
subject,1,N,expect,0
In,1,PR,everybody,0
some,0,DT,goose-step,0
cases,0,N,direction,0
Labour,0,N,policy,0
quangos,0,N,Clocks,0
merge,1,V,instruments,0
existing,0,AJ,sell,0
ones,0,N,house,0
or,0,CJ,cottage,0
replace,1,V,centre,0
well-established,0,AJ,town,0
bodies,1,N,cottage,0
The,0,AT,price,0
success,0,N,lots,0
of,0,PR,sale,0
the,0,AT,auction,0
Ahlbergs,0,N,Property,0
working,0,N,Services,0
relationship,0,N,hundred,0
must,0,V,subsidiary,0
have,0,V,auctioning,0
a,0,AT,venues,0
lot,0,N,period,0
to,0,TO,auction,0
do,0,V,buyers,0
with,1,PR,commit,0
their,0,DP,difficulty,0
long,1,AJ,buyers,0
and,0,CJ,proceed,0
happy,1,AJ,far,0
marriage,0,N,between,0
They,0,PN,director,0
see,1,V,estate+agents,0
themselves,0,PN,misunderstood,0
not,0,XX,Records,0
as,0,CJ,play,0
author,0,N,music,0
and,0,CJ,way,0
illustrator,0,N,account,0
with,1,PR,interrogated,0
separate,1,AJ,bombings,0
roles,1,N,scalp,0
but,0,CJ,crawl,0
as,0,PR,Government,0
a,0,AT,compounds,0
partnership,0,N,problems,0
of,0,PR,parameters,0
book-makers,0,N,reflect,0
contributing,0,V,value,0
equally,0,AV,country,0
to,1,PR,system,0
the,0,AT,shift,0
process,0,N,people,0
By,0,PR,destinations,0
holding,1,V,speed,0
open,1,AJ,safety,0
meetings,0,N,demonstrates,0
for,0,PR,describes,0
children,0,N,pitfalls,0
and,0,CJ,avoid,0
having,0,V,Copse,0
the,0,AT,robbers,0
telecottage,0,N,woodland,0
above,0,PR,usurped,0
the,0,AT,cattle,0
local,0,AJ,thieves,0
store,0,N,Hills,0
people,0,N,nothing,0
of,0,PR,Maj,0
all,0,DT,villagers,0
walks,1,N,recipients,0
of,0,PR,dollars,0
life,0,N,cameras,0
came+in,0,V + AV,needed,0
small-scale,0,AJ,clinic,0
entrepreneurs,0,N,collaborated,0
and,0,CJ,directly,1
their,0,DP,result,0
spouses,0,N,historical,1
shop+assistants,0,N + N,significance,0
craftspeople,0,N,effort,0
and,0,CJ,Department,0
children,0,N,Economic,0
As+if,0,CJ,Affairs,0
24-17,0,CR,set+up,1
and,0,CJ,Harold,0
derisive,0,AJ,Wilson,0
chants,1,N,headed,0
of,0,PR,George,0
Easy,0,AJ,Brown,0
easy,0,AJ,ended,0
were,0,V,futile,1
not,0,XX,departmental,0
bad,0,AJ,ministerial,0
enough,0,AV,infighting,0
this,1,DT,DTI,0
humiliation,0,N,override,1
was,0,V,Treasury,0
against,1,PR,new,0
a,0,AT,powerful,1
side,1,N,Department,0
who,0,PN,Consumer,0
have,0,V,Affairs,0
made,1,V,antagonise,1
a,0,AT,DTI,0
wretched,1,AJ,Labour,0
start,0,N,acquiescing,1
to,1,PR,democratic,1
the,0,AT,outrage,1
season,0,N,continued,0
a,0,AT,arguing,0
week,0,N,Conservatives,0
earlier,0,AV,got,0
Pontypool,0,N,away,1
had,0,V,undemocratic,1
going-over,2,N,long,0
given,2,V,Labour,0
them,0,PN,turn,0
a,0,AT,telecottages,0
6?-35,0,CR,become,0
and,0,CJ,self-financing,1
were,0,V,established,0
short,1,AJ,need,0
of,0,PR,initial,0
at+least,0,AV,subsidy,0
half-a-dozen,0,CR,Villages,0
first-choice,0,AJ,expensive,0
players,0,N,live,0
Ron,0,N,vibrant,1
Todd,0,N,communities,0
the,0,AT,local,0
general,0,AJ,people,0
secretary,0,N,earn,0
of,0,PR,enough,0
the,0,AT,continue,0
transport,0,N,living,0
workers,0,N,Smith,0
union,0,N,said,0
said,0,V,interview,0
that,0,CJ,BBC,0
today,0,AV,television,0
vote,0,N,Record,0
on,1,PR,expect,0
the,0,AT,colleagues,0
multilaterist,0,N,spend,0
nuclear,0,AJ,spend,0
defence,0,N,Doctors,0
policy,0,N,worried,0
would,0,V,women,0
not,0,XX,turning,0
yield,1,V,prostitution,0
the,0,AT,finance,1
massive,1,AJ,habit,0
and,0,CJ,risk,0
overwhelming,0,AJ,contracting,0
majority,0,N,Aids,0
predicted,0,V,drink,0
by,0,PR,thirsty,0
right-wingers,1,N,Globe,0
and,0,CJ,artichokes,0
he,0,PN,sprouting,0
warned,0,V,leaves,0
that,0,CJ,need,0
party,0,N,protection,1
leaders,0,N,frost,0
could,0,V,cold,0
not,0,XX,areas,0
expect,0,V,trying,0
everybody,0,PN,smooth,1
to,0,PR,path,0
goose-step,2,N,purchasers,0
in,1,PR,streamline,1
the,0,AT,system,0
same,0,DT,says,0
direction,1,N,Graham,0
once,0,CJ,Harrison,0
the,0,AT,pointing+out,0
policy,0,N,live,0
had,0,V,telephone,0
been,0,V,bidding,0
carried,1,V,available,0
Glasgow,0,N,unable,0
Clocks,0,N,attend,0
and,0,CJ,collective,0
scientific,0,AJ,property,0
instruments,0,N,auctions,0
Wednesday,0,N,place,0
11am,0,AV,regularly,0
First,0,OR,London,0
they,0,PN,often,0
have,0,V,primarily,0
to,0,TO,investors,0
sell,0,V,house-hunters,0
their,0,DP,country,0
present,0,AJ,areas,0
house,0,N,typical,0
a,0,AT,auction,0
two-bedroom,0,AJ,one,0
cottage,0,N,house,0
in,0,PR,likely,0
the,0,AT,not,0
centre,1,N,place,0
of,0,PR,nearby,0
the,0,AT,pub,0
town,0,N,village,0
Their,0,DP,hall,0
South,0,N,supertram,0
Molton,0,N,concept,0
cottage,0,N,spread,0
guide,1,V,major,0
price,0,N,cities,0
"£44,000-£46,000",0,N,decade,0
is,0,V,Blackpool,0
one,0,CR,alone,0
of,0,PR,use,0
more+than,0,AV,traditional,0
20,0,CR,double-deckers,0
lots,0,PN,Armstrong,0
to,0,TO,seems,0
be,0,V,least,0
put+up,1,V + AV,permanently,1
for,0,PR,damaged,0
sale,0,N,surface,0
at,1,PR,strain,0
the,0,AT,start,0
Barnstaple,0,N,technically,0
auction,0,N,ill-equipped,1
by,0,PR,avert,1
Bristol,0,N,disaster,0
and,0,CJ,cope,0
West,0,N,consequences,0
Property,0,N,disaster,0
Services,0,N,struck,0
and,0,CJ,strain,0
one,0,CR,commercial,0
of,0,PR,pressures,0
more+than,0,AV,inquiry,0
a,0,AT,puts,0
hundred,0,CR,compromised,1
which,0,DT,safety,0
the,0,AT,strain,0
building+society,0,N + N,people,0
subsidiary,0,N,spot,0
will,0,V,cope,0
be,0,V,weary,1
auctioning,0,V,gruesome,0
in,0,PR,working,0
eight,0,CR,hours,0
West+Country,0,N + N,senior,0
venues,0,N,signal,0
over,1,PR,technician,0
a,0,AT,heads,0
three-day,0,AJ,list,0
period,0,N,culpable,0
With,1,PR,one,0
an,0,AT,day,0
auction,0,N,past,0
you,0,PN,weeks,0
've,0,V,lacked,0
got,0,V,adequate,0
to,0,TO,training,0
be,0,V,bothered,0
certain,0,AJ,refusing,0
that,0,CJ,keep,0
at+least,0,AV,open,0
two,0,CR,two-way,0
buyers,0,N,radio,0
are,0,V,links,0
there,0,AV,crews,0
who,0,PN,effectively,1
can,0,V,ended,0
commit,1,V,proper,0
themselves,0,PN,emergency+service,0
and,0,CJ,law,0
the,0,AT,doubt,0
difficulty,0,N,Mrs,0
is,0,V,Bujok,0
that,0,CJ,entitled,0
buyers,0,N,commence,0
who,0,PN,proceedings,0
can,0,V,giving,0
proceed,1,V,notice,0
are,0,V,state,0
few,0,DT,dwelling,0
and,0,CJ,council,0
far,1,AV,took,0
between,1,AV,chin,1
said,0,V,meantime,0
David,0,N,capacity,0
Phillip,0,N,bring,0
a,0,AT,coherence,1
director,0,N,organisation,0
of,0,PR,range,0
Yorkshire,0,N,activities,0
estate+agents,0,N + N,further,0
Dacre,0,N,consolidating,1
Son,0,N,institutional,0
and,0,CJ,linkage,0
Hartley,0,N,people,0
Misunderstood,1,V,occupied,0
by,0,PR,state,0
Decca,0,N,PLO,0
Records,0,N,leadership,0
he,0,PN,age,0
maintains,1,V,structure,0
I,0,PN,Meadowell,0
wan,0,V,awash,1
na,0,TO,teenagers,0
play,0,V,pastimes,0
ma,0,N,having,0
music,0,N,babies,0
ma,0,N,body-building,0
way,1,N,Like,0
But,0,CJ,heckler,0
it,0,PN,Liberal,0
was,0,V,One,1
Gerry,0,N,daughter,0
Conlon,0,N,grand,0
account,0,N,duchess,0
of,0,PR,Russia,0
being,0,V,gained,0
interrogated,0,V,footnote,0
after,1,PR,history,0
the,0,AT,introducing,0
Guildford,0,N,unknown,0
bombings,0,N,monk,0
that,0,CJ,Rasputin,0
made,1,V,Russian,0
the,0,AT,Tsarina,0
scalp,0,N,Alexandra,0
crawl,1,N,He,0
Government,0,N,started,0
compounds,1,V,writing,0
all,0,DT,occasional,0
these,1,DT,articles,0
problems,0,N,wrote,0
when,0,CJ,State,0
it,0,PN,Music,0
sets+down,1,V + AV,trenchant,1
working,0,V,provocative,0
parameters,0,N,assessment,0
which,0,DT,machinery,1
fail,1,V,musical,0
to,0,TO,profession,0
reflect,1,V,time,0
the,0,AT,Powerhaus,0
value,1,N,N1,0
the,0,AT,837,0
country,0,N,3218,0
gets,1,V,8.30pm,0
from,1,PR,£5,0
a,0,AT,Mr,0
system,1,N,Dobbs,0
that,0,CJ,unlikely,1
is,0,V,allies,0
run,1,V,Women,0
efficiently,0,AV,Institutes,0
can,0,V,Very,0
shift,1,V,kind,0
people,0,N,international,0
to,0,PR,players,0
destinations,0,N,supposed,0
with,1,PR,habitually,0
exemplary,0,AJ,influential,0
speed,0,N,Hazard,0
and,0,CJ,second,0
safety,0,N,half,0
as,0,CJ,incisive,0
Europe,0,N,passes,0
consistently,0,AV,gifts,1
demonstrates,1,V,heavens,1
Francesca,0,N,day,0
Simon,0,N,left,0
describes,0,V,greater,0
some,0,DT,mark,0
of,1,PR,In,0
the,0,AT,statement,0
pitfalls,0,N,afterwards,0
and,0,CJ,Dr,0
how,0,AV,Runcie,0
to,0,TO,stressed,0
avoid,1,V,proposing,0
them,0,PN,change,0
Travel,0,V,British,0
Copse,0,N,constitution,0
and,0,CJ,By,0
robbers,0,N,NICHOLAS,0
Christopher,0,N,ROE,0
Somerville,0,N,Runner+beans,0
sees,0,V,French,0
how,0,AV,beans,0
woodland,0,N,given+up,1
has,0,V,completely,0
usurped,2,V,cleared,0
the,0,AT,vegetable,0
ancient,0,AJ,plots,0
cattle,0,N,The,0
thieves,0,N,irony,0
of,1,PR,tower,0
the,0,AT,higher,0
Cheviot,0,N,teak,0
Hills,0,N,scrubbers,0
Probably,0,AV,efficient,0
nothing,0,PN,smoke,0
at+all,0,AV,gone,0
Con,0,AJ,straight,0
Maj,0,N,air,0
2.583,0,CR,At,0
The,0,AT,press+conference,0
villagers,0,N,mark,0
of,0,PR,election,0
Ramsala,0,N,victory,0
recipients,0,N,year,0
of,0,PR,Mr,0
the,0,AT,Bush,0
Palm,0,N,threatened,0
Beach,0,N,veto,0
dollars,0,N,budget,0
explained,1,V,unless,0
to,1,PR,contained,0
the,0,AT,real,0
cameras,0,N,cuts,0
that,0,CJ,Now,0
they,0,PN,would,0
desperately,0,AV,great,0
needed,0,V,leap,1
a,0,AT,forward,0
clinic,0,N,In,0
When,0,CJ,1949,0
he,0,PN,Amaldi,0
collaborated,0,V,wrote,0
directly,1,AV,Italian,0
with,0,PR,prime,0
her,0,PN,minister,0
in,1,PR,asking,0
opera,0,N,permission,0
the,0,AT,produce,0
result,0,N,sell,0
was,0,V,sealing+wax,0
of,0,PR,letters,0
historical,1,AJ,so+that,0
significance,0,N,raise,0
But,0,CJ,needed,0
its,0,DP,funds,0
last,0,OR,physics,0
effort,0,N,lab,0
the,0,AT,Such,0
Department,0,N,agreements,0
of,0,PR,range,0
Economic,0,AJ,issue,0
Affairs,0,N,borders,0
set+up,1,V + AV,issue,0
by,0,PR,free,0
Harold,0,N,wave-lengths,0
Wilson,0,N,future,0
and,0,CJ,television,0
headed,1,V,radio,0
by,0,PR,networks,0
George,0,N,By,0
Brown,0,N,Daniel,0
ended,0,V,John,0
in,1,PR,His,0
futile,0,AJ,wife,0
departmental,0,AJ,telling,0
and,0,CJ,saddle+up,1
ministerial,0,AJ,steal,0
infighting,0,N,fresh,0
But,0,CJ,batch,0
while,0,CJ,cattle,0
the,0,AT,neighbour,0
DTI,0,N,herds,0
would,0,V,Group,0
override,1,V,4,0
the,0,AT,Remand,0
Treasury,0,N,Services,0
a,0,AT,Ltd,0
new,0,AJ,security,0
powerful,1,AJ,firm,0
Department,0,N,selected,0
of,0,PR,Home+Office,0
Consumer,0,N,manage,0
Affairs,0,N,The,0
would,0,V,Wolds,0
antagonise,1,V,£5,0
the,0,AT,million-a-year,0
DTI,0,N,contract,0
Labour,0,N,likes,0
would,0,V,think,0
be,0,V,prisoners,0
acquiescing,1,V,customers,0
in,1,PR,Tory,0
a,0,AT,ministers,0
democratic,0,AJ,like,0
outrage,0,N,Michael,0
if,0,CJ,Heseltine,0
it,0,PN,visited,0
continued,0,V,Meadowell,0
arguing,1,V,last,0
that,0,CJ,November,0
because,0,CJ,say,0
the,0,AT,cash,0
Conservatives,0,N,shortages,0
had,0,V,due+to,1
got,1,V,council,0
away,0,AV,profligacy,0
with,0,PR,bad,0
being,0,V,management,0
undemocratic,0,AJ,Under,0
for,0,PR,pressure,0
so,0,AV,Satra,0
long,1,AV,Kirov,0
it,0,PN,told,0
was,0,V,singers,0
now,0,AV,choose,0
Labour,0,N,companies,0
turn,1,N,But,0
While,0,CJ,desire,0
telecottages,0,N,provide,0
should,0,V,period,0
become,0,V,stability,0
self-financing,0,AJ,nearly,0
once,0,AV,one,0
established,0,V,million,0
they,0,PN,people,0
do,0,V,employed,0
need,0,V,NHS,0
initial,0,AJ,coupled,0
subsidy,0,N,fierce,1
Villages,0,N,determination,0
are,0,V,maintain,0
expensive,0,AJ,momentum,1
to,0,TO,reform,0
live,0,V,overwhelming,0
in,0,AV,majority,0
and,0,CJ,hospitals,0
if,0,CJ,becoming,0
they,0,PN,self-governing,0
are,0,V,trusts,0
to,0,TO,mid-1990s,0
become,0,V,As+well+as,0
vibrant,0,AJ,fighting,0
communities,0,N,money,0
again,0,AV,task,0
local,0,AJ,ensure,0
people,0,N,every,0
must,0,V,last,0
be,0,V,pound,0
able,0,AJ,spent,0
to,0,TO,effectively,0
earn,0,V,could,0
enough,0,DT,Letter Policy,1
to,0,TO,politics,1
be,0,V,Labour+Party,1
able,0,AJ,Conference,0
to,0,TO,letter,0
continue,0,V,dropped,0
living,0,V,post,0
in,0,PR,President,0
them,0,PN,Socialist,1
Mr,0,N,Republic,1
Smith,0,N,Montenegro,0
said,0,V,inviting,0
in,1,PR,funeral,0
an,0,AT,said,0
interview,0,N,John,0
on,1,PR,Kennedy,0
BBC,0,N,Conservative+Party,1
television,0,N,member,0
's,0,V,lives,0
On,1,PR,Barking,0
the,0,AT,distant,0
Record,0,N,relative,0
that,0,CJ,Nicholas,0
he,0,PN,Another,0
did,0,V,response,0
not,0,XX,visual,1
expect,0,V,stimulus,0
his,0,DP,Thomson,0
colleagues,0,N,series,0
to,0,TO,musical,1
spend,0,V,portraits,0
and,0,CJ,people,0
spend,0,V,such+as,0
again',0,V,Picasso,0
when,0,CJ,Aaron,0
they,0,PN,Copland,0
took,1,V,But,0
office,0,N,villages,0
Doctors,0,N,dying,0
are,0,V,becoming,1
worried,0,AJ,suburbs,0
that,0,CJ,dormitories,0
women,0,N,people,0
turning,1,V,work,0
to,1,PR,sleep,0
prostitution,0,N,It,0
to,0,TO,takes,0
finance,0,V,sorts,0
the,0,AT,phrase,0
habit,1,N,universal,1
are,0,V,primacy,0
at,1,PR,spiritual,1
risk,0,N,meaning,0
of,0,PR,In,0
contracting,0,AJ,Liverpool,0
Aids,0,N,dockers,0
We,0,PN,spokesman,0
do,0,V,Transport,0
not,0,XX,General,0
drink,0,V,Workers,0
because,0,CJ,Union,0
we,0,PN,admitted,0
are,0,V,Drivers,0
thirsty,0,AJ,n't,0
Globe,0,N,happy,0
artichokes,0,N,handling,0
are,0,V,commodities,0
sprouting,0,V,but,0
new,0,AJ,at+least,0
leaves,0,N,lorry-driver,0
and,0,CJ,idea,0
may,0,V,handling,0
need,0,V,docker,0
protection,0,N,consignment,0
from,1,PR,just,0
frost,0,N,not,0
in,0,PR,know,0
cold,0,AJ,Dr,0
areas,0,N,Slevin,0
We,0,PN,agreed,0
're,0,V,often,0
trying,0,V,beneficial,0
to,0,TO,but,0
smooth,1,V,concerned,0
the,0,AT,other,0
path,1,N,aspects,0
for,0,PR,therapies,0
purchasers,0,N,By,0
and,0,CJ,STEPHEN,0
streamline,1,V,GOLD,0
the,0,AT,If,0
system,1,N,Dedham,0
says,0,V,Hall,0
Graham,0,N,fully,0
Harrison,0,N,booked,0
pointing+out,1,V + AV,may,0
that,0,CJ,well,0
live,1,AJ,try,0
telephone,0,N,best,0
bidding,0,N,bed-and-breakfast,0
will,0,V,ever,0
also,0,AV,found,0
be,0,V,just,0
available,0,AJ,few,0
for,0,PR,miles,0
those,1,DT,away,0
unable,0,AJ,Old,0
to,0,TO,Vicarage,0
attend,0,V,Higham,0
Although,0,CJ,near,0
collective,0,AJ,Colchester,0
property,0,N,loveliest,0
auctions,0,N,mind,0
take,1,V,Melford,0
place,1,N,Hall,0
regularly,0,AV,charming,0
in,0,PR,octagonal,0
London,0,N,Jacobean,1
often,0,AV,gatehouse,0
primarily,0,AV,reached,0
for,0,PR,along,0
investors,0,N,avenue,0
rather+than,0,PR,clipped,0
house-hunters,1,N,yew,0
in,0,PR,trees,0
country,0,N,high,0
areas,0,N,windows,0
the,0,AT,flooding,0
more,0,AV,octagon,0
typical,0,AJ,light,0
auction,0,N,fantasy,0
will,0,V,ideal,0
be,0,V,study,0
just,0,AV,And,0
for,0,PR,told,0
one,0,CR,without,0
house,0,N,on-screen,0
and,0,CJ,questioning,0
as,0,AV,though,0
likely,0,AJ,programme,0
as,0,CJ,skilfully,0
not,0,XX,structured,0
will,0,V,give,0
take,1,V,coherence,0
place,1,N,might,0
in,0,PR,lacked,0
a,0,AT,From,0
nearby,0,AJ,resulting,0
pub,0,N,corner,0
or,0,CJ,Rhodes,0
village,0,N,made,0
hall,0,N,another,0
And,0,CJ,fine,0
although,0,CJ,save,0
the,0,AT,hurtling,0
supertram,0,N,right,0
concept,0,N,deflect,0
will,0,V,away,0
spread,1,V,Dixon,0
through,0,PR,rising,0
major,0,AJ,shot,0
cities,0,N,We,0
during,0,PR,trained,0
the,0,AT,artificial,1
next,1,OR,pitch,0
decade,0,N,two,0
Blackpool,0,N,days,0
will,0,V,week,0
still,0,AV,should,0
be,0,V,done,0
alone,0,AJ,a+lot,0
in,1,PR,better,0
its,0,DP,user,0
use,1,N,tells,0
of,0,PR,analyst,0
traditional,0,AJ,problems,0
double-deckers,0,N,analyst,0
Armstrong,0,N,decides,0
seems,0,V,at+least,0
the,0,AT,broad,0
least,0,AV,terms,0
permanently,0,AV,user,0
damaged,1,V,requires,0
on,1,PR,Second,0
the,0,AT,would,0
surface,1,N,consolidate,0
Under,1,PR,image,0
strain,1,N,essence,1
for,0,PR,Intifada,0
a,0,AT,constructive,0
start,1,N,not,0
because,0,CJ,destructive,0
it,0,PN,force,0
was,0,V,Entire,0
technically,0,AV,departments,0
ill-equipped,1,AJ,set+up,0
to,0,TO,health,0
avert,1,V,foreign,1
disaster,0,N,affairs,0
or,0,CJ,agriculture,0
to,0,TO,trade,0
cope,1,V,finance,0
with,1,PR,education,0
the,0,AT,justice,0
consequences,0,N,religion,0
when,0,CJ,information,0
disaster,0,N,social,0
struck,1,V,welfare,0
under,1,PR,Wriggling,0
strain,1,N,across,0
from,1,PR,country,0
commercial,0,AJ,D216,0
pressures,1,N,Port-d'Envaux,0
which,0,DT,come,0
as,0,CJ,two,0
the,0,AT,more,0
inquiry,0,N,chateaux,0
puts,1,V,18th-century,0
it,0,PN,Panloy,0
compromised,1,AJ,flaking,0
safety,0,N,romantically,1
under,1,PR,away,0
strain,1,N,hillock,0
above,1,PR,overlooking,0
all,0,DT,bend,0
because,0,CJ,Charente,0
the,0,AT,almost,0
people,0,N,next,0
on,0,PR,door,0
the,0,AT,much,0
spot,0,N,older,0
could,0,V,moated,0
n't,0,XX,Crazannes,0
or,0,CJ,half-smothered,0
would,0,V,amazing,0
n't,0,XX,flamboyant,0
cope,0,V,Gothic,0
were,0,V,carving,0
weary,0,AJ,core,0
from,1,PR,problem,0
gruesome,0,AJ,simple,0
working,0,N,National,0
hours,0,N,invited,0
the,0,AT,New,0
senior,1,AJ,York,0
signal,0,N,only,0
technician,0,N,last,0
who,0,PN,November,0
heads,1,V,Kirov,0
the,0,AT,planning,0
list,0,N,tour,0
of,0,PR,summer,0
the,0,AT,market,0
culpable,0,AJ,price-earnings,0
had,0,V,multiple,0
had,1,V,16,0
only,0,AV,last,0
one,0,CR,night,0
day,0,N,but,0
off,1,AV,would,0
in,1,PR,drop,0
the,0,AT,below,0
past,0,AJ,14,0
13,0,CR,increase,0
weeks,0,N,earnings,0
lacked,0,V,really,0
adequate,0,AJ,happens,0
training,1,N,furthered,0
or,0,CJ,long-term,1
simply,0,AV,ambition,0
could,0,V,rule,0
n't,0,XX,large,0
be,0,V,south,0
bothered,0,V,Slav,0
By,0,PR,kingdom,0
refusing,0,V,collapsed,0
to,0,TO,fact,0
keep,0,V,anti-racism,0
open,1,AJ,anti-sexism,0
two-way,1,AJ,come,0
radio,0,N,naturally,0
links,1,N,Ahlbergs,0
the,0,AT,EACH,0
crews,0,N,new,0
had,0,V,indignity,0
effectively,0,AV,heap,1
ended,0,V,visited,0
a,0,AT,Welsh,0
proper,0,AJ,rugby,0
emergency+service,0,N + N,seems,0
In,1,PR,worse,0
law,0,N,last,0
there,0,EX,What,0
was,0,V,thirst,1
no,0,AT,satisfied,0
doubt,0,N,unquenching,1
that,0,CJ,drink,0
Mrs,0,N,nearest+to,0
Bujok,0,N,being,0
was,0,V,quenching,0
entitled,1,AJ,white,0
to,0,TO,beer,0
commence,0,V,Berlin,0
proceedings,0,N,IN,0
without,1,PR,small,0
giving,1,V,Devon,0
notice,0,N,town,0
of,0,PR,South,0
the,0,AT,Molton,0
state,0,N,Julie,0
of,0,PR,Widlake,0
the,0,AT,waiting,0
dwelling,0,N,anticipation,0
to,1,PR,Friday,0
the,0,AT,October,0
council,0,N,successful,0
He,0,PN,bid,0
took,1,V,higher,0
it,0,PN,prior,0
on,1,PR,offer,0
the,0,AT,turned+down,0
chin,1,N,Britain,0
In,1,PR,main,0
the,0,AT,exception,0
meantime,0,N,Blackpool,0
we,0,PN,forgetting,0
have,1,V,single-deckers,0
the,0,AT,Isle,0
capacity,1,N,Man,0
to,0,TO,Llandudno,0
bring,1,V,trams,0
coherence,0,N,relegated,1
and,0,CJ,history,0
organisation,0,N,books,0
to,1,PR,Slingos,0
a,0,AT,own,0
whole,1,AJ,vegetable,0
range,1,N,garden,0
of,1,PR,chickens,0
activities,0,N,ducks,0
further,1,AV,sheep,0
consolidating,0,V,cows,0
the,0,AT,Scott,0
institutional,0,AJ,pleased,0
linkage,1,N,style,0
between,1,PR,evolved,0
the,0,AT,Battersea,0
people,0,N,treatment,0
in,0,PR,humanised,1
the,0,AT,industrial,0
occupied,0,AJ,forms,0
state,0,N,denying,0
and,0,CJ,function,0
the,0,AT,Guinness,0
PLO,0,N,Factory,0
leadership,0,N,Park,0
The,0,AT,Royal,0
age,0,N,west,0
structure,1,N,London,0
of,0,PR,routine,0
Meadowell,0,N,exercise,0
means,1,V,extending,0
it,0,PN,Government,0
is,0,V,borrowing+power,0
awash,2,AJ,billion,0
with,0,PR,bogged+down,0
teenagers,0,N,wrangling,0
whose,0,DT,legislative,0
only,0,AJ,initiatives,0
pastimes,0,N,lawmakers,0
are,0,V,wanted,0
having,1,V,attach,0
babies,0,N,bill,0
and,0,CJ,gone,0
body-building,0,N,wrong,0
Like,0,PR,Tiphook,0
the,0,AT,confident,0
heckler,0,N,structure,0
he,0,PN,developing,0
was,0,V,national,0
a,0,AT,authority,0
Liberal,0,N,diffuse,0
One,0,CR,enough,0
daughter,0,N,prevent,0
a,0,AT,destroyed,0
grand,0,AJ,one,0
duchess,0,N,single,0
of,0,PR,sweep,0
Russia,0,N,arrests,0
even,0,AV,more+than,0
gained,0,V,Intifada,0
a,0,AT,outbreak,0
footnote,1,N,coherent,0
in,1,PR,enough,0
history,0,N,allow,0
by,0,PR,existence,0
introducing,0,V,unified,0
an,0,AT,resistance,0
unknown,0,AJ,strategy,0
monk,0,N,Through,0
Rasputin,0,N,Palestinians,0
to,1,PR,struggling,0
the,0,AT,daily,0
Russian,0,AJ,basis,0
Tsarina,0,N,shake+off,0
Alexandra,0,N,Israel,0
He,0,PN,authority,0
started,0,V,construct,0
by,0,PR,own,0
writing,0,V,themes,0
occasional,0,AJ,always,0
articles,0,N,interspersed,0
but,0,CJ,more,0
in,1,PR,fanciful,1
1939,0,CR,ones,0
he,0,PN,grimacing,0
wrote,0,V,masks,0
The,0,AT,weird,0
State,0,N,animals,0
of,0,PR,exuberant,0
Music,0,N,abstract,0
a,0,AT,patterns,0
trenchant,0,N,built,0
and,0,CJ,Ridges,0
provocative,0,AJ,still,0
assessment,1,N,call,0
of,0,PR,locally,0
the,0,AT,slum,0
machinery,1,N,clearance,0
of,0,PR,project,0
the,0,AT,north,0
musical,0,AJ,bank,0
profession,0,N,Tyne,0
at,1,PR,miles,0
the,0,AT,east,0
time,0,N,Newcastle,0
Powerhaus,0,N,knew,0
N1,0,UN,one,0
837,0,CR,continued,0
3218,0,CR,meaning,0
8.30pm,0,AV,Liberal,0
£5,0,N,Democrats,0
Mr,0,N,results,0
Dobbs,0,N,exceeded,0
more,0,AV,expectations,0
unlikely,0,AJ,said,0
allies,1,N,Mr,0
are,0,V,Goodson,0
the,0,AT,However,0
Women,0,N,suggested,0
Institutes,0,N,perhaps,0
Very,0,AV,need,0
kind,0,AJ,look,0
but,0,CJ,system,0
international,0,AJ,closely,0
players,0,N,SEEMS,1
are,0,V,Roland,0
supposed,0,AJ,Franklin,0
to,0,TO,latest,0
be,0,V,unbundler,1
habitually,0,AV,appear,0
influential,0,AJ,UK,0
and,0,CJ,made,0
it,0,PN,fatal,0
was,0,V,error,0
Hazard,0,N,preparation,0
who,0,PN,£697m,0
in,1,PR,break-up,1
the,0,AT,bid,0
second,0,OR,stationery,0
half,0,N,packaging,0
with,1,PR,group,0
a,0,AT,DRG,0
few,0,DT,point,0
incisive,0,AJ,core,0
passes,0,N,business,0
gifts,1,N,unfair,0
from,1,PR,add,0
the,0,AT,part-time,0
heavens,1,N,education,0
on,1,PR,training,0
a,0,AT,statistics,0
day,0,N,figures,0
like,0,PR,improve,0
this,1,DT,relative,0
left,1,V,position,0
a,0,AT,years,0
greater,1,AJ,Thomson,0
mark,1,N,lived,0
In,1,PR,New,0
a,0,AT,York,0
statement,0,N,apartment,0
afterwards,0,AV,Chelsea,0
Dr,0,N,Hotel,0
Runcie,0,N,imply,0
stressed,1,V,political,0
that,0,CJ,supremacy,0
he,0,PN,suggest,0
was,0,V,Pope,0
not,0,XX,administer,0
proposing,0,V,affairs,0
any,0,DT,Church,0
change,0,N,England,0
in,1,PR,reacted,0
the,0,AT,water,0
British,0,AJ,plant,0
constitution,1,N,operator,0
By,0,PR,burned,0
NICHOLAS,0,N,cloud,0
ROE,0,N,acid,0
Runner+beans,0,N + N,gas,0
and,0,CJ,Westerns,0
French,0,AJ,no+longer,0
beans,0,N,cheap,0
have,0,V,option,0
now,0,AV,reminded,0
given+up,1,V + AV,things,0
completely,0,AV,Iznik,0
and,0,CJ,pottery,0
can,0,V,Turkey,0
be,0,V,dating,0
cleared,0,V,fifteenth,0
off,0,PR,sixteenth,0
vegetable,0,N,century,0
plots,0,N,explodes,0
The,0,AT,colour,0
irony,0,N,sophisticated,0
is,0,V,white,0
that,0,CJ,grounds,0
had,0,V,Iznik,0
the,0,AT,sought,0
tower,0,N,Turkish,0
been,0,V,yuppies,0
higher,0,AJ,prices,0
and,0,CJ,run,0
had,0,V,"£2,000",0
the,0,AT,"£15,000",0
teak,0,N,French,0
scrubbers,0,N,Spanish,0
been,0,V,Italians,0
less,0,AV,word,0
efficient,0,AJ,summer,0
the,0,AT,sprawl,1
smoke,0,N,oppressive,0
would,0,V,stage,0
have,0,V,year,0
gone,1,V,trigger,0
straight,0,AV,fingers,0
up,0,AV,itching,0
into,0,PR,snip+back,0
the,0,AT,overgrown,0
air,0,N,mallows,0
At,1,PR,clear+out,0
a,0,AT,mildewing,0
press+conference,0,N + N,foliage,0
to,0,TO,golden,0
mark,1,V,rod,0
his,0,DP,reduce,0
election,0,N,overpowering,0
victory,0,N,bulk,0
a,0,AT,bullyboy,0
year,0,N,ground,0
ago,0,AV,cover,0
Mr,0,N,Privacy,0
Bush,0,N,important,0
threatened,0,V,consideration,0
to,0,TO,doubt,0
veto,0,V,others,0
the,0,AT,added,0
budget,0,N,failure,0
unless,0,CJ,imagination,0
it,0,PN,use,0
contained,1,V,royal,0
real,0,AJ,visit,0
cuts,1,N,creatively,0
Now,0,AV,failure,0
that,1,DT,nerve,0
would,0,V,Hong,0
be,0,V,Kong,0
a,0,AT,legislators,0
great,1,AJ,consistently,0
leap,1,N,dare,0
forward,1,AV,speak+out,0
In,1,PR,Mr,0
1949,0,CR,Martin,0
Amaldi,0,N,Lee,0
wrote,0,V,Mr,0
to,1,PR,Szeto,0
the,0,AT,Wah,0
Italian,0,AJ,threatened,0
prime,0,AJ,expulsion,0
minister,0,N,committee,0
asking,0,V,drafting,0
for,1,PR,China,0
permission,0,N,post-1997,0
to,0,TO,Basic,0
produce,0,V,Law,0
and,0,CJ,Leinster,0
sell,0,V,face,0
sealing+wax,0,V + N,uphill,1
for,1,PR,task,0
letters,0,N,muttering,0
so+that,0,CJ,busy,0
we,0,PN,get,0
may,0,V,involved,0
raise,1,V,sort,0
needed,0,V,thing,0
funds,0,N,OVERNIGHT,0
for,1,PR,FILE,0
our,0,DP,mile,0
physics,0,N,shepherd,0
lab,0,N,hut,0
Such,0,DT,hillsides,0
agreements,0,N,ceased,0
can,0,V,upward,0
range,1,V,rolling,0
from,1,PR,curved,0
the,0,AT,together,0
issue,0,N,form,0
of,1,PR,dead-end,0
borders,1,N,valley,0
to,1,PR,broad-breasted,0
the,0,AT,slopes,0
issue,0,N,miles,0
of,1,PR,nearest,0
free,1,AJ,tarmac,0
wave-lengths,0,N,road,0
for,1,PR,hidden,0
our,0,DP,deep,0
future,0,AJ,folds,0
television,0,N,moors,0
and,0,CJ,better,0
radio,0,N,looking,0
networks,1,N,TV,0
By,0,PR,Given,1
Daniel,0,N,already,0
John,0,N,appalling,0
His,0,DP,growing,1
wife,0,N,rate,0
was,0,V,homelessness,0
telling,0,V,lack,0
him,0,PN,hostel,1
to,0,TO,facilities,0
saddle+up,0,V + AV,London,0
and,0,CJ,people,0
steal,0,V,will,0
a,0,AT,have,0
fresh,1,AJ,endure,0
batch,0,N,freezing,1
of,0,PR,nights,0
cattle,0,N,coming,0
from,0,PR,winter,0
his,0,DP,streets,0
neighbour,0,N,perhaps,0
herds,0,N,permanent,0
Group,0,N,homelessness,0
4,0,CR,terrible,0
Remand,0,N,see,0
Services,0,N,situation,0
Ltd,0,AJ,exploited,0
the,0,AT,joke,0
security,0,N,advertisement,0
firm,0,N,thing,0
selected,1,V,evenings,0
by,0,PR,drawing+in,0
the,0,AT,During,0
Home+Office,0,N + N,journey,0
to,0,TO,East,0
manage,1,V,German,0
The,0,AT,officials,0
Wolds,0,N,enter,0
in,1,PR,train,0
a,0,AT,collect,0
£5,0,N,East,0
million-a-year,0,AJ,German,0
contract,0,N,passports,0
likes,1,V,Provided,0
to,0,TO,behaviour,0
think,1,V,sportsmanlike,0
of,0,PR,safe,0
its,0,DP,oarsmen,0
prisoners,2,N,found,0
as,0,PR,encouragement,0
customers,0,N,humour,0
Tory,0,AJ,President,0
ministers,0,N,always,0
like,0,PR,among,0
Michael,0,N,Plough,0
Heseltine,0,N,Kenton,0
who,0,PN,Kenton,0
visited,0,V,Rd,0
Meadowell,0,N,Harrow,0
last,0,OR,907,0
November,0,N,2498,0
say,0,V,9pm,0
the,0,AT,£3.50,0
cash,0,N,Losing,0
shortages,0,N,thing,0
are,0,V,lose,0
due+to,0,PR,spinelessly,1
council,0,N,Welsh,0
profligacy,0,N,XV,0
and,0,CJ,Bridgend,0
bad,0,AJ,Saturday,0
management,0,N,add,0
Under,1,PR,insult,0
pressure,1,N,severely,0
from,1,PR,injured,1
Satra,0,N,pride,0
Kirov,0,N,Others,0
told,1,V,well+informed,0
singers,0,N,hero,0
to,0,TO,Francis,0
choose,0,V,Mayne,0
between,1,PR,suffering,0
the,0,AT,adolescent,0
companies,0,N,emotional,0
But,0,CJ,confusion,0
her,0,DP,acute,0
desire,0,N,self-consciousness,0
to,0,TO,So,0
provide,0,V,of+course,0
a,0,AT,alcohol,0
period,0,N,itself,0
of,0,PR,From,0
stability,1,N,MARC,0
for,0,PR,CHAMPION,0
nearly,0,AV,Washington,0
one,0,CR,So,0
million,0,CR,should,0
people,0,N,list,0
employed,1,V,necessities,0
by,0,PR,securely,0
the,0,AT,written+down,0
NHS,0,N,ask,0
is,0,V,second,0
coupled,1,V,question,0
with,1,PR,How,0
a,0,AT,want,0
fierce,0,AJ,garden,0
determination,0,N,feel,0
to,0,TO,Pub,0
maintain,1,V,landlords,0
the,0,AT,usually,0
momentum,1,N,happy,0
of,0,PR,provide,0
reform,0,N,free,0
with,1,PR,accommodation,0
the,0,AT,Other,0
overwhelming,0,AJ,British,0
majority,0,N,towns,0
of,0,PR,Croydon,0
hospitals,0,N,Southampton,0
becoming,0,V,among,0
self-governing,0,AJ,considering,0
trusts,0,N,modern,0
by,1,PR,tramways,0
the,0,AT,There,0
mid-1990s,0,CR,three,0
As+well+as,0,PR,key,0
fighting,1,V,causes,0
for,0,PR,shambles,0
more,0,DT,Mr,0
money,0,N,Kenneth,0
her,0,DP,Clarke,0
task,0,N,failure,0
was,0,V,separate,0
to,0,TO,emergency,0
ensure,0,V,non-emergency,0
that,0,CJ,work,0
every,0,AT,Whitley,0
last,0,OR,Council,0
pound,0,N,negotiating,0
was,0,V,machinery,0
spent,0,V,Health,0
as,0,AV,Secretary,0
effectively,0,AV,accused,0
as,0,CJ,unions,0
it,0,PN,posturing,0
could,0,V,pretending,0
be,0,V,run,0
Letter,0,N,999,0
Policy,0,N,service,0
and,0,CJ,yesterday,0
politics,0,N,George,0
at,1,PR,Graham,0
the,0,AT,amused,0
Labour+Party,0,AJ + N,He,0
Conference,0,N,awarded,0
A,0,AT,honorary,0
letter,0,N,degrees,0
dropped,0,V,Algiers,0
through,1,PR,Glasgow,0
the,0,AT,Oxford,0
post,0,N,Its,0
from,0,PR,two,0
the,0,AT,main,0
President,0,N,slogans,0
of,0,PR,repeated,0
the,0,AT,countless,1
Socialist,0,AJ,times,0
Republic,0,N,directives,0
of,0,PR,issued,0
Montenegro,0,N,underground,0
inviting,0,V,leadership,0
me,0,PN,freedom,0
to,0,PR,independence,0
the,0,AT,Harsh,0
funeral,0,N,measures,0
said,0,V,putting,0
John,0,N,entire,0
Kennedy,0,N,community,0
a,0,AT,absolute,0
Conservative+Party,0,AJ + N,curfew,0
member,1,N,continuous,0
who,0,PN,lengthy,0
lives,0,V,period,0
in,0,PR,time,0
Barking,0,N,demolishing,0
and,0,CJ,homes,0
is,0,V,uprooting,0
a,0,AT,olive,0
distant,1,AJ,citrus,0
relative,0,N,trees,0
of,0,PR,physical,0
Nicholas,0,N,intimidation,0
Another,0,DT,terror,1
response,1,N,tactics,0
to,1,PR,employed,0
a,0,AT,raiding,0
visual,0,AJ,army,0
stimulus,0,N,units,0
was,0,V,shooting,0
Thomson,0,N,killing,0
series,0,N,cutting+off,0
of,0,PR,water+supplies,0
musical,0,AJ,electricity,0
portraits,2,N,telephone,0
of,0,PR,links,0
people,0,N,villages,0
such+as,0,PR,towns,0
Picasso,0,N,mass,0
and,0,CJ,arrests,0
Aaron,0,N,intimidatory,0
Copland,0,N,interrogation,0
But,0,CJ,techniques,0
the,0,AT,create,0
villages,0,N,temporary,0
are,0,V,lull,0
dying,1,V,activate,0
becoming,0,V,eruption,0
suburbs,0,N,offices,0
or,0,CJ,R,0
dormitories,2,N,B.,0
where,0,AV,Lettings,0
few,0,DT,sale,0
people,0,N,Not,0
work,0,V,sign,0
but,0,CJ,spring,0
many,0,DT,yet,0
sleep,0,V,penetrated,1
It,0,PN,secret,0
takes,1,V,valley,0
all,0,DT,another,0
sorts,0,N,month,0
The,0,AT,put,0
phrase,0,N,right,0
universal,0,AJ,matter,0
primacy,0,N,consequence,1
has,1,V,capital,0
a,0,AT,inhabitants,0
spiritual,0,AJ,erected,0
meaning,0,N,court,0
In,0,PR,furnished,0
Liverpool,0,N,palace,0
a,0,AT,FISA,0
dockers,0,N,unimportant,0
spokesman,0,N,organised,0
with,1,PR,championships,0
the,0,AT,participated,0
Transport,0,N,running,0
and,0,CJ,regattas,0
General,0,AJ,gift,1
Workers,0,N,sport,0
Union,0,N,anxious,0
admitted,1,V,abuse,1
Drivers,0,N,status,0
are,0,V,President,0
n't,0,XX,went,0
happy,0,AJ,event,0
handling,0,N,invited,0
some,0,DT,village,0
of,0,PR,institution,1
these,1,DT,make,0
commodities,0,N,people,0
but,0,CJ,happier,0
at+least,0,AV,Employment,0
a,0,AT,agriculture,0
lorry-driver,0,N,industry,0
has,1,V,fell,0
more,0,DT,million,0
idea,0,N,mid-Sixties,0
of,0,PR,under,0
what,0,DT,now,0
he,0,PN,teams,0
is,0,V,won,0
handling,0,V,taken,0
than,0,CJ,League,0
a,0,AT,leadership,0
docker,0,N,Dr,0
who,0,PN,Runcie,0
could,0,V,ideas,0
have,0,V,primacy,0
a,0,AT,recognising,0
consignment,0,N,Pope,0
and,0,CJ,figure,0
just,0,AV,exercise,0
not,0,XX,primacy,0
know,0,V,sake,1
what,0,DT,unity,0
it,0,PN,mission,0
is,0,V,Stack,0
Dr,0,N,emissions,0
Slevin,0,N,PCBs,0
agreed,0,V,below,0
that,0,CJ,standard,0
this,1,DT,breathing,0
is,0,V,air,0
often,0,AV,times,0
beneficial,0,AJ,lower,0
but,0,CJ,British,0
is,0,V,equivalent,0
concerned,0,AJ,sales,0
about,1,PR,combine,0
other,0,AJ,items,0
aspects,0,N,charm,0
of,0,PR,accessible,0
such,0,DT,prices,0
therapies,0,N,rare,0
By,0,PR,treasures,0
STEPHEN,0,N,aimed,0
GOLD,0,N,collectors,0
If,0,CJ,thirst,0
Dedham,0,N,door,0
Hall,0,N,restaurant,0
is,0,V,called,0
fully,0,AV,House,0
booked,0,V,Scott,0
and,0,CJ,venture,0
it,0,PN,field,0
may,0,V,design,0
well,0,AV,Battersea,0
be,0,V,wheeled+in,0
try,0,V,famous,0
the,0,AT,knighted,0
best,0,AJ,architect,0
bed-and-breakfast,0,N,London,0
we,0,PN,Power,0
have,0,V,Company,0
ever,0,AV,make,0
found,0,V,acceptable,0
just,0,AV,coal-fired,0
a,0,AT,monster,1
few,0,DT,power+station,0
miles,0,N,residents,0
away,0,AV,Chelsea,0
at,0,PR,Westminster,0
the,0,AT,taking,0
Old,0,AJ,exception,0
Vicarage,0,N,Chinese,0
Higham,0,N,press,0
near,0,PR,statements,0
Colchester,0,N,asserting,0
The,0,AT,Hong,0
loveliest,0,AJ,Kong,0
to,1,PR,business,0
my,0,DP,China,0
mind,0,N,Britain,0
is,0,V,discussed,0
Melford,0,N,formally,0
Hall,0,N,informally,0
whose,0,DT,international,0
charming,0,AJ,forum,0
octagonal,0,AJ,Mrs,0
Jacobean,0,AJ,Bujok,0
gatehouse,0,N,argued,0
is,0,V,Act,0
reached,0,V,designed,0
along,0,PR,secure,0
an,0,AT,interests,0
avenue,0,N,community,0
of,0,PR,large,0
clipped,0,AJ,statutory,0
yew,0,N,nuisances,0
trees,0,N,exist,0
and,0,CJ,finds+out,0
with,0,PR,needs,0
its,0,DP,business,0
high,0,AJ,prescribes,0
windows,0,N,cure,1
flooding,1,V,Crucial,0
the,0,AT,development,0
octagon,0,N,process,0
with,1,PR,relationship,0
light,0,N,built+up,0
is,0,V,analyst,0
my,0,DP,user,0
fantasy,0,N,naturalise,0
of,0,PR,legitimise,0
the,0,AT,evolving,0
ideal,0,AJ,skeletal,1
study,0,N,form,0
And,0,CJ,Palestinian,0
they,0,PN,independence,0
told,0,V,Howard,0
it,0,PN,Keizner,0
without,1,PR,Landlords,0
on-screen,0,AJ,complications,0
questioning,0,N,letting,0
though,0,CJ,management,0
the,0,AT,theory,0
programme,0,N,internal,0
is,0,V,air+pocket,0
skilfully,0,AV,bounce,0
structured,0,V,back,0
to,0,TO,dolphin,0
give,1,V,sonar,0
it,0,PN,signal,0
a,0,AT,direction,0
coherence,0,N,approach,0
it,0,PN,taken,0
might,0,V,rule,1
have,0,V,seriously,0
lacked,0,V,would,0
From,1,PR,found+out,0
the,0,AT,DRG,0
resulting,0,AJ,has,0
corner,0,N,modest,0
Rhodes,0,N,self-service,1
made,1,V,canteen,0
another,0,DT,Bristol,0
fine,1,AJ,head,0
save,0,N,office,0
hurtling,0,V,Labour,0
to,0,PR,law,0
his,0,DP,will,0
right,0,N,reflect,0
to,0,TO,balance,1
deflect,0,V,power,0
away,0,AV,society,0
Dixon,0,N,fully+fledged,0
rising,1,AJ,labour,0
shot,1,N,court,0
We,0,PN,system,0
trained,0,V,will,0
on,0,PR,remove,0
an,0,AT,class,0
artificial,0,AJ,fundamental,0
pitch,0,N,employer-employee,0
for,0,PR,differences,0
two,0,CR,eyrie,1
days,0,N,buzzard,0
this,1,DT,would,0
week,0,N,make,0
and,0,CJ,forays,1
we,0,PN,round,0
should,0,V,US,0
have,0,V,abroad,0
done,0,V,in+spite+of,0
a+lot,0,AV,advanced,0
better,0,AV,age,0
The,0,AT,necessary,0
user,0,N,smash,1
tells,0,V,decrepit,0
the,0,AT,effete,0
analyst,0,N,constitution,0
what,0,DT,allows,0
the,0,AT,minority,0
problems,0,N,capture,1
are,0,V,power,0
and,0,CJ,use,0
the,0,AT,ruthlessly,0
analyst,0,N,interests,0
decides,0,V,privileged,0
at+least,0,AV,few,0
in,1,PR,simple,0
broad,1,AJ,answer,0
terms,0,N,is,0
what,0,DT,Chelsea,0
the,0,AT,are,0
user,0,N,FALSE,1
requires,0,V,position,0
Second,0,OR,Arsenal,0
it,0,PN,evidence,0
would,0,V,slightly,0
consolidate,1,V,jaded,1
the,0,AT,champions,0
image,1,N,mean,0
and,0,CJ,are,0
essence,1,N,abandoning,0
of,1,PR,Richard,0
the,0,AT,North,0
Intifada,0,N,looks,0
as,0,PR,current,0
a,0,AT,provisions,0
constructive,0,AJ,destruction,0
not,0,XX,PCBs,0
a,0,AT,history,0
destructive,0,AJ,British,0
force,1,N,involvement,0
Entire,0,AJ,uncomfortable,1
departments,0,N,growth+industry,1
can,0,V,security+guard,1
be,0,V,entrance,0
set+up,1,V + AV,Britain,0
in,1,PR,mightiest,0
health,0,N,hazardous,0
foreign,0,AJ,waste,0
affairs,0,N,disposal,0
agriculture,0,N,plants,0
trade,0,N,pressed,0
finance,0,V,button,0
education,0,N,gate,0
justice,0,N,opened,0
religion,0,N,grin,0
information,0,N,according+to,0
and,0,CJ,Friends,0
social,0,AJ,Earth,0
welfare,0,N,survey,0
Wriggling,2,V,homes,0
across,0,PR,clustered,0
country,0,N,surrounding,0
on,0,PR,hills,0
the,0,AT,found,0
D216,0,UN,three-quarters,0
to,0,PR,800,0
Port-d'Envaux,0,N,residents,0
you,0,PN,opposed,0
come,0,V,Rechem,0
to,0,PR,plant,0
two,0,CR,Zinc,0
more,0,DT,latest,0
chateaux,0,N,lack,0
18th-century,0,AJ,supposedly,0
Panloy,0,N,causes,0
flaking,0,V,range,0
romantically,0,AV,problems,0
away,1,AV,although,0
on,0,PR,little,0
its,0,DP,scientific,0
hillock,0,N,evidence,0
overlooking,0,V,supports,0
a,0,AT,link,0
bend,0,N,turn,0
in,0,PR,get+in,0
the,0,AT,them,0
Charente,0,N,think,0
and,0,CJ,Completion,0
almost,0,AV,normally,0
next,1,OR,takes,0
door,1,N,place,0
the,0,AT,four,0
much,0,AV,eight,0
older,0,AJ,weeks,0
moated,0,AJ,later,0
Crazannes,0,N,opportunity,0
half-smothered,1,N,second,0
in,1,PR,thoughts,0
amazing,0,AJ,two,0
flamboyant,0,AJ,prototype,0
Gothic,0,AJ,rock,0
carving,0,N,songwriters,0
The,0,AT,'s,0
core,1,N,worldly,1
of,0,PR,Chuck,0
the,0,AT,Berry,0
problem,0,N,turn,0
is,0,V,authentic,0
simple,0,AJ,picture,0
the,0,AT,teenage,0
National,0,AJ,pleasures,0
was,0,V,Eisenhower,0
invited,1,V,America,0
to,0,PR,write,0
New,0,N,little,0
York,0,N,letter,0
only,0,AV,mail,0
last,0,OR,local,0
November,0,N,deejay,0
and,0,CJ,Clapham,0
the,0,AT,indeed,0
Kirov,0,N,accounts,0
is,0,V,nearly,0
planning,1,V,half,0
to,0,TO,77,0
tour,0,V,fatalities,0
this,1,DT,last,0
summer,0,N,ten,0
The,0,AT,years,0
market,1,N,compare,0
price-earnings,0,N,deaths,0
multiple,0,N,300,0
was,0,V,injuries,0
16,0,CR,every,0
last,0,OR,year,0
night,0,N,roads,0
but,0,CJ,Yet,0
it,0,PN,ambulance,0
would,0,V,worker,0
drop,1,V,only,0
below,1,AV,being,0
14,0,CR,offered,0
if,0,CJ,"£10,000",0
that,1,DT,when,0
increase,0,N,fire,0
in,1,PR,officer,0
earnings,0,N,being,0
really,0,AV,given,0
happens,0,V,"£13,000",0
This,1,DT,Metropolitan,0
furthered,0,V,police,0
his,0,DP,constable,0
long-term,0,AJ,earn,0
ambition,0,N,"£25,000",0
to,0,TO,Natalie,0
rule,0,V,Ford,0
a,0,AT,Brighton,0
large,0,AJ,Water,0
south,0,N,everywhere,0
Slav,0,AJ,canals,0
kingdom,0,N,streams,0
when,0,CJ,small,0
the,0,AT,busy,0
Ottoman,0,AJ,rivers,0
Empire,0,N,charming,0
finally,0,AV,names,0
collapsed,1,V,Boutonne,0
In,1,PR,Mignon,0
fact,0,N,Belle,0
anti-racism,0,N,big,0
and,0,CJ,lazy,0
anti-sexism,0,N,rivers,0
seem,0,V,Sevre,0
to,0,TO,Niortaise,0
come,1,V,Charente,0
naturally,0,AV,Since,0
to,1,PR,1986,0
the,0,AT,Rytasha,0
Ahlbergs,0,N,has,0
EACH,0,DT,broken+away+from,0
new,0,AJ,guru,0
indignity,0,N,set+up,0
in,1,PR,own,0
the,0,AT,charity,0
heap,1,N,called,0
visited,1,V,Food,0
on,1,PR,Relief,0
Welsh,0,AJ,International,0
rugby,0,N,raises,0
seems,0,V,money,0
worse,0,AJ,fiercely,0
than,0,CJ,competitive,0
the,0,AT,matrons,0
last,0,OR,Palm,0
What,0,DT,Beach,0
of,0,PR,distributes,0
this,1,DT,starving,0
thirst,0,N,people,0
that,0,CJ,Bangladesh,0
can,0,V,Michael,0
be,0,V,Freeman,0
satisfied,1,AJ,solicitor,0
by,0,PR,advised,0
an,0,AT,members,0
unquenching,1,AJ,court,0
drink,0,N,action,0
The,0,AT,said,0
nearest+to,1,PR,yesterday,0
being,0,V,This,0
quenching,1,AJ,will,0
is,0,V,cause,0
the,0,AT,most,0
white,0,AJ,dreadful,0
beer,0,N,hardship,0
of,0,PR,From,0
Berlin,0,N,1940,1
IN,0,PR,1954,0
THE,0,AT,wrote,0
small,0,AJ,regularly,0
Devon,0,N,New,0
town,0,N,York,0
of,0,PR,Herald,0
South,0,N,Tribune,0
Molton,0,N,four,0
Julie,0,N,volumes,0
Widlake,0,N,notices,0
is,0,V,appeared,0
waiting,0,V,book,0
with,1,PR,form,0
anticipation,0,N,But,0
for,0,PR,spirit,1
Friday,0,N,Henley,0
20,0,CR,huge,0
October,0,N,crowds,0
His,0,DP,enjoying,0
successful,0,AJ,amateur,0
bid,0,N,sport,0
was,0,V,presented,0
for,0,PR,administrative,0
"£190,000",0,N,finesse,1
although,0,CJ,Keller,0
he,0,PN,took,0
had,0,V,yardstick,1
made,1,V,international,0
a,0,AT,circuit,0
higher,1,AJ,This,0
prior,0,AJ,sound,0
offer,0,N,utopian,1
which,0,DT,borne+out,0
had,0,V,experience,0
been,0,V,existing,0
turned+down,0,V + AV,telecottages,0
In,0,PR,Modern,0
Britain,0,N,audiences,0
with,1,PR,accept,0
the,0,AT,plastic,0
main,0,AJ,bushes,0
exception,0,N,southern,0
of,0,PR,Californian,0
Blackpool,0,N,suburban,0
not,0,XX,sprawl,1
forgetting,0,V,means,0
the,0,AT,production,0
single-deckers,0,N,companies,0
of,0,PR,take,0
the,0,AT,horses,0
Isle,0,N,cows,0
of,0,PR,locations,0
Man,0,N,far,0
and,0,CJ,Arizona,0
Llandudno,0,N,Montana,0
trams,0,N,Now,0
had,0,V,maybe,0
been,0,V,two,0
largely,0,AV,Prints,0
relegated,0,V,watercolours,0
to,1,PR,oil+paintings,0
the,0,AT,furniture,0
history,0,N,architectural,0
books,0,N,effects,0
The,0,AT,Tuesday,0
Slingos,0,N,1,0
have,0,V,Less,0
their,0,DP,happily,0
own,0,DT,reason,0
vegetable,0,N,repossessed,0
garden,0,N,houses,0
chickens,0,N,auctioned,0
ducks,0,N,Mr,0
sheep,0,N,Duncan,0
and,0,CJ,Nichol,0
cows,0,N,wants,0
Scott,0,N,separate,0
was,0,V,emergency,0
so,0,AV,non-emergency,0
pleased,0,AJ,work,0
with,1,PR,Our,0
the,0,AT,latest,0
style,0,N,Foreign,0
he,0,PN,Secretary,0
had,0,V,yet,0
evolved,1,V,publicly,0
at,0,PR,pick+up,0
Battersea,0,N,file,0
a,0,AT,marked,0
treatment,1,N,Hong,0
that,0,CJ,Kong,0
humanised,1,V,They,0
industrial,0,AJ,rightly,0
forms,0,N,feel,0
without,1,PR,really,0
denying,0,V,rather,0
their,0,DP,appalling,0
function,0,N,Parliament,0
that,0,CJ,give,0
he,0,PN,fresh,0
also,0,AV,thought,0
used,0,V,enacting,0
it,0,PN,provision,0
on,0,PR,placing,0
the,0,AT,obligation,0
Guinness,0,N,council,0
Factory,0,N,tenant,0
at,0,PR,give,0
Park,0,N,notice,0
Royal,0,N,council,0
west,0,N,permitted,0
London,0,N,commence,0
What,0,DT,proceedings,0
should,0,V,By,0
have,0,V,Robert,0
been,0,V,Armstrong,0
a,0,AT,Dublin,0
routine,0,N,Leinster,0
exercise,1,N,named,0
in,1,PR,team,0
extending,1,V,looks,0
the,0,AT,strong,0
Government,0,N,paper,0
borrowing+power,0,N + N,including,0
to,1,PR,eight,0
$3.1,0,N,internationals,0
thousand,0,CR,recently,0
billion,0,CR,lost,0
became,0,V,Munster,0
bogged+down,1,V + AV,Ulster,0
in,1,PR,Inter-Provincial,0
wrangling,0,N,Championship,0
over,1,PR,No,0
legislative,0,AJ,supporter,0
initiatives,0,N,Latics,0
lawmakers,0,N,dared,0
wanted,0,V,dream,0
to,0,TO,suddenly,0
attach,1,V,improbable,0
to,1,PR,throbbing,0
the,0,AT,joyous,0
bill,0,N,reality,0
What,0,DT,Quinn,0
has,0,V,held,0
gone,1,V,head,0
wrong,0,AJ,disbelief,0
Tiphook,0,N,But,0
confident,1,AJ,also,0
The,0,AT,said,0
structure,2,N,Let's,0
of,1,PR,take+away+from,0
the,0,AT,credit,0
developing,0,AJ,Oldham,0
national,0,AJ,However,0
authority,0,N,City,0
has,0,V,expecting,0
been,0,V,bad,0
both,0,AV,figures,0
diffuse,1,AJ,shares,0
enough,0,AV,rose,0
to,0,TO,15p,0
prevent,0,V,239p,0
it,0,PN,Frankfurt,0
from,1,PR,FAZ,0
being,0,V,index,0
destroyed,0,V,695.74,0
by,0,PR,684.01,0
any,0,DT,There,0
one,0,CR,more,0
single,0,AJ,greenery,0
sweep,1,N,south,0
of,1,PR,deep,0
arrests,0,N,forest,0
there,0,EX,Chize,0
have,0,V,fine,0
been,0,V,Renaissance,0
more+than,0,AV,chateau,0
50,0,CR,Dampierre-sur-Boutonne,0
arrests,0,N,edge,0
since,0,CJ,marshes,0
the,0,AT,west,0
Intifada,0,N,Rochefort,0
outbreak,0,N,Marennes,0
and,0,CJ,mussels,0
coherent,0,AJ,oysters,0
enough,0,AV,raised,0
to,0,TO,Hilda,0
allow,1,V,Amiel,0
for,1,PR,alleged,0
the,0,AT,godmother,1
existence,0,N,fake,0
of,1,PR,art,0
a,0,AT,arraigned,0
unified,0,AJ,part,0
resistance,1,N,US,0
strategy,0,N,Attorney,0
Through,1,PR,calls,0
it,0,PN,single,0
Palestinians,0,N,largest,0
are,0,V,worldwide,0
struggling,1,V,source,0
on,1,PR,distribution,0
a,0,AT,network,0
daily,0,AJ,bogus,0
basis,0,N,prints,0
to,0,TO,,
shake+off,1,V + AV,,
Israel,0,N,,
authority,0,N,,
and,0,CJ,,
to,0,TO,,
construct,2,V,,
their,0,DP,,
own,0,DT,,
But,0,CJ,,
these,1,DT,,
themes,0,N,,
are,0,V,,
always,0,AV,,
interspersed,0,V,,
with,1,PR,,
more,0,AV,,
fanciful,0,AJ,,
ones,0,N,,
grimacing,1,V,,
masks,0,N,,
weird,0,AJ,,
animals,0,N,,
exuberant,1,AJ,,
abstract,0,AJ,,
patterns,0,N,,
When,0,CJ,,
built,0,V,,
in,1,PR,,
1938,0,CR,,
it,0,PN,,
was,0,V,,
The,0,AT,,
Ridges,0,N,,
which,0,DT,,
is,0,V,,
still,0,AV,,
what,0,DT,,
they,0,PN,,
call,0,V,,
it,0,PN,,
locally,0,AV,,
a,0,AT,,
slum,0,N,,
clearance,0,N,,
project,0,N,,
on,0,PR,,
the,0,AT,,
north,0,N,,
bank,0,N,,
of,0,PR,,
the,0,AT,,
Tyne,0,N,,
10,0,CR,,
miles,0,N,,
east,0,N,,
of,0,PR,,
Newcastle,0,N,,
I,0,PN,,
knew,0,V,,
there,0,EX,,
was,0,V,,
one,0,PN,,
here,0,AV,,
he,0,PN,,
continued,0,V,,
meaning,0,V,,
Liberal,0,AJ,,
Democrats,0,N,,
The,0,AT,,
results,0,N,,
exceeded,0,V,,
our,0,DP,,
expectations,0,N,,
said,0,V,,
Mr,0,N,,
Goodson,0,N,,
However,0,AV,,
he,0,PN,,
suggested,0,V,,
there,0,EX,,
was,0,V,,
perhaps,0,AV,,
a,0,AT,,
need,0,N,,
to,0,TO,,
look,1,V,,
into,1,PR,,
the,0,AT,,
system,1,N,,
more,0,AV,,
closely,0,AV,,
IT,0,PN,,
SEEMS,0,V,,
that,0,CJ,,
Roland,0,N,,
Franklin,0,N,,
the,0,AT,,
latest,0,AJ,,
unbundler,0,N,,
to,0,TO,,
appear,0,V,,
in,0,PR,,
the,0,AT,,
UK,0,N,,
has,0,V,,
made,1,V,,
a,0,AT,,
fatal,1,AJ,,
error,0,N,,
in,1,PR,,
the,0,AT,,
preparation,0,N,,
of,0,PR,,
his,0,DP,,
£697m,0,N,,
break-up,0,N,,
bid,0,N,,
for,0,PR,,
stationery,0,N,,
and,0,CJ,,
packaging,0,N,,
group,0,N,,
DRG,0,N,,
That,1,DT,,
point,1,N,,
about,1,PR,,
the,0,AT,,
core,0,N,,
business,0,N,,
is,0,V,,
very,0,AV,,
unfair,0,AJ,,
he,0,PN,,
says,0,V,,
To,0,TO,,
add,1,V,,
the,0,AT,,
part-time,0,AJ,,
education,0,N,,
and,0,CJ,,
training,0,N,,
statistics,0,N,,
to,1,PR,,
those,1,DT,,
figures,0,N,,
does,0,V,,
not,0,XX,,
improve,0,V,,
our,0,DP,,
relative,0,AJ,,
position,1,N,,
For,0,PR,,
many,0,DT,,
years,0,N,,
Thomson,0,N,,
lived,0,V,,
in,0,PR,,
New,0,N,,
York,0,N,,
in,0,PR,,
his,0,DP,,
apartment,0,N,,
at,0,PR,,
the,0,AT,,
Chelsea,0,N,,
Hotel,0,N,,
It,0,PN,,
does,0,V,,
not,0,XX,,
imply,0,V,,
political,0,AJ,,
supremacy,0,N,,
and,0,CJ,,
does,0,V,,
not,0,XX,,
suggest,1,V,,
that,0,CJ,,
the,0,AT,,
Pope,0,N,,
should,0,V,,
administer,0,V,,
the,0,AT,,
affairs,0,N,,
of,0,PR,,
the,0,AT,,
Church,0,N,,
of,0,PR,,
England,0,N,,
he,0,PN,,
said,0,V,,
They,0,PN,,
too,0,AV,,
reacted,0,V,,
with,0,PR,,
water,0,N,,
and,0,CJ,,
a,0,AT,,
plant,1,N,,
operator,0,N,,
was,0,V,,
burned,0,V,,
by,0,PR,,
a,0,AT,,
cloud,1,N,,
of,0,PR,,
acid,0,N,,
gas,0,N,,
Westerns,0,N,,
are,0,V,,
no+longer,0,AV,,
a,0,AT,,
cheap,0,AJ,,
option,0,N,,
Sometimes,0,AV,,
he,0,PN,,
is,0,V,,
reminded,0,V,,
of,0,PR,,
several,0,DT,,
things,1,N,,
The,0,AT,,
Iznik,0,N,,
pottery,0,N,,
from,0,PR,,
Turkey,0,N,,
dating,0,N,,
from,1,PR,,
the,0,AT,,
fifteenth,0,OR,,
and,0,CJ,,
sixteenth,0,OR,,
century,0,N,,
explodes,2,V,,
with,1,PR,,
colour,0,N,,
on,0,PR,,
more,0,AV,,
sophisticated,1,AJ,,
white,0,AJ,,
grounds,1,N,,
Iznik,0,N,,
is,0,V,,
now,0,AV,,
highly,0,AV,,
sought,0,V,,
after,1,PR,,
by,0,PR,,
Turkish,0,AJ,,
yuppies,0,N,,
and,0,CJ,,
prices,0,N,,
run,1,V,,
from,1,PR,,
"£2,000",0,N,,
or,0,CJ,,
so,0,AV,,
to,1,PR,,
"£15,000",0,N,,
But,0,CJ,,
then,0,AV,,
do,0,V,,
the,0,AT,,
French,0,N,,
Spanish,0,AJ,,
or,0,CJ,,
Italians,0,N,,
have,1,V,,
a,0,AT,,
word,0,N,,
for,0,PR,,
it,0,PN,,
The,0,AT,,
summer,0,N,,
sprawl,2,N,,
begins,0,V,,
to,0,TO,,
be,0,V,,
oppressive,0,AJ,,
at,1,PR,,
this,1,DT,,
stage,1,N,,
in,1,PR,,
the,0,AT,,
year,0,N,,
and,0,CJ,,
trigger,2,N,,
fingers,0,N,,
are,0,V,,
itching,1,V,,
to,0,TO,,
snip+back,1,V + AV,,
overgrown,0,AJ,,
mallows,0,N,,
clear+out,1,V + AV,,
the,0,AT,,
mildewing,0,AJ,,
foliage,0,N,,
of,0,PR,,
golden,1,AJ,,
rod,0,N,,
and,0,CJ,,
reduce,1,V,,
the,0,AT,,
overpowering,1,AJ,,
bulk,0,N,,
of,0,PR,,
bullyboy,2,N,,
ground,0,N,,
cover,0,N,,
Privacy,0,N,,
is,0,V,,
an,0,AT,,
important,0,AJ,,
consideration,0,N,,
I,0,PN,,
have,1,V,,
no,0,AT,,
doubt,0,N,,
that,0,CJ,,
others,0,N,,
will,0,V,,
be,0,V,,
added,0,V,,
If,0,CJ,,
there,0,EX,,
is,0,V,,
a,0,AT,,
failure,1,N,,
of,0,PR,,
imagination,0,N,,
to,0,TO,,
use,0,V,,
the,0,AT,,
royal,0,AJ,,
visit,0,N,,
creatively,0,AV,,
it,0,PN,,
will,0,V,,
also,0,AV,,
be,0,V,,
a,0,AT,,
failure,1,N,,
of,0,PR,,
nerve,0,N,,
The,0,AT,,
only,0,AV,,
two,0,CR,,
Hong,0,N,,
Kong,0,N,,
legislators,0,N,,
who,0,PN,,
consistently,0,AV,,
dare,0,V,,
to,0,TO,,
speak+out,0,V + AV,,
Mr,0,N,,
Martin,0,N,,
Lee,0,N,,
and,0,CJ,,
Mr,0,N,,
Szeto,0,N,,
Wah,0,UN,,
have,0,V,,
been,0,V,,
threatened,0,V,,
with,1,PR,,
expulsion,1,N,,
from,1,PR,,
the,0,AT,,
committee,0,N,,
now,0,AV,,
drafting,0,V,,
China,0,N,,
post-1997,0,AJ,,
Basic,0,AJ,,
Law,0,N,,
Leinster,0,N,,
face,1,V,,
an,0,AT,,
uphill,1,AJ,,
task,0,N,,
Most,0,DT,,
of,0,PR,,
them,0,PN,,
are,0,V,,
probably,0,AV,,
muttering,0,V,,
I,0,PN,,
'm,0,V,,
too,0,AV,,
busy,0,AJ,,
to,0,TO,,
get,0,V,,
involved,0,AJ,,
in,1,PR,,
this,0,DT,,
sort,0,N,,
of,0,PR,,
thing,1,N,,
OVERNIGHT,0,AJ,,
FILE,0,N,,
A,0,AT,,
mile,0,N,,
above,0,PR,,
the,0,AT,,
shepherd,0,N,,
hut,0,N,,
the,0,AT,,
hillsides,0,N,,
ceased,1,V,,
their,0,DP,,
upward,0,AJ,,
rolling,1,AJ,,
and,0,CJ,,
curved,0,V,,
together,0,AV,,
to,0,TO,,
form,1,V,,
a,0,AT,,
dead-end,0,N,,
valley,0,N,,
of,0,PR,,
broad-breasted,2,AJ,,
slopes,0,N,,
five,0,CR,,
miles,0,N,,
from,0,PR,,
the,0,AT,,
nearest,0,AJ,,
tarmac,0,N,,
road,0,N,,
hidden,0,V,,
deep,0,AV,,
in,0,PR,,
the,0,AT,,
folds,1,N,,
of,0,PR,,
the,0,AT,,
moors,0,N,,
He,0,PN,,
's,0,V,,
better,0,AV,,
looking,0,V,,
on,1,PR,,
TV,0,N,,
Given,0,V,,
the,0,AT,,
already,0,AV,,
appalling,0,AJ,,
and,0,CJ,,
growing,0,AJ,,
rate,0,N,,
of,0,PR,,
homelessness,0,N,,
and,0,CJ,,
lack,0,N,,
of,0,PR,,
hostel,0,N,,
facilities,0,N,,
in,0,PR,,
London,0,N,,
when,0,CJ,,
more,0,DT,,
people,0,N,,
than,0,CJ,,
ever,0,AV,,
will,0,V,,
not,0,XX,,
only,0,AV,,
have,0,V,,
to,0,TO,,
endure,0,V,,
the,0,AT,,
freezing,0,AJ,,
nights,0,N,,
of,0,PR,,
the,0,AT,,
coming,0,AJ,,
winter,0,N,,
on,0,PR,,
the,0,AT,,
streets,0,N,,
but,0,CJ,,
perhaps,0,AV,,
permanent,0,AJ,,
homelessness,0,N,,
it,0,PN,,
was,0,V,,
terrible,0,AJ,,
to,0,TO,,
see,0,V,,
the,0,AT,,
situation,1,N,,
being,0,V,,
exploited,1,V,,
for,0,PR,,
a,0,AT,,
joke,0,N,,
by,0,PR,,
your,0,DP,,
advertisement,0,N,,
Just,0,AV,,
the,0,AT,,
thing,1,N,,
now,0,AV,,
the,0,AT,,
evenings,0,N,,
are,0,V,,
drawing+in,1,V + AV,,
During,0,PR,,
the,0,AT,,
journey,0,N,,
East,0,N,,
German,0,AJ,,
officials,0,N,,
will,0,V,,
enter,0,V,,
the,0,AT,,
train,0,N,,
and,0,CJ,,
collect,0,V,,
all,0,DT,,
East,0,N,,
German,0,AJ,,
passports,0,N,,
Provided,0,CJ,,
their,0,DP,,
behaviour,0,N,,
was,0,V,,
sportsmanlike,0,AJ,,
and,0,CJ,,
safe,0,AJ,,
oarsmen,0,N,,
found,1,V,,
only,0,AV,,
encouragement,0,N,,
and,0,CJ,,
humour,0,N,,
from,1,PR,,
a,0,AT,,
President,0,N,,
who,0,PN,,
was,0,V,,
always,0,AV,,
among,0,PR,,
them,0,PN,,
Plough,0,V,,
Kenton,0,N,,
Kenton,0,N,,
Rd,0,N,,
Harrow,0,N,,
907,0,CR,,
2498,0,CR,,
9pm,0,AV,,
£3.50,0,N,,
Losing,1,N,,
was,0,V,,
one,0,CR,,
thing,1,N,,
but,0,CJ,,
to,0,TO,,
lose,1,V,,
as,0,AV,,
spinelessly,1,AV,,
as,0,CJ,,
the,0,AT,,
Welsh,0,AJ,,
XV,0,CR,,
did,0,V,,
to,1,PR,,
Bridgend,0,N,,
on,1,PR,,
Saturday,0,N,,
was,0,V,,
to,0,TO,,
add,1,V,,
insult,0,N,,
to,1,PR,,
severely,0,AV,,
injured,1,AJ,,
pride,0,N,,
Others,0,N,,
are,0,V,,
not,0,XX,,
so,0,AV,,
well+informed,0,AV + V,,
The,0,AT,,
hero,0,N,,
Francis,0,N,,
Mayne,0,N,,
is,0,V,,
suffering,0,V,,
from,1,PR,,
the,0,AT,,
adolescent,0,N,,
emotional,0,AJ,,
confusion,0,N,,
and,0,CJ,,
acute,0,AJ,,
self-consciousness,0,N,,
So,0,AV,,
of+course,0,AV,,
does,0,V,,
alcohol,0,N,,
itself,0,PN,,
From,0,PR,,
MARC,0,N,,
CHAMPION,0,N,,
in,0,PR,,
Washington,0,N,,
So,0,AV,,
they,0,PN,,
should,0,V,,
and,0,CJ,,
when,0,CJ,,
the,0,AT,,
list,0,N,,
of,0,PR,,
necessities,0,N,,
is,0,V,,
securely,1,AV,,
written+down,0,V + AV,,
you,0,PN,,
can,0,V,,
ask,0,V,,
the,0,AT,,
second,0,OR,,
question,0,N,,
How,0,AV,,
do,0,V,,
I,0,PN,,
want,0,V,,
this,1,DT,,
garden,0,N,,
to,0,TO,,
feel,1,V,,
Pub,0,N,,
landlords,0,N,,
are,0,V,,
usually,0,AV,,
only,0,AV,,
too,0,AV,,
happy,0,AJ,,
to,0,TO,,
provide,0,V,,
free,1,AJ,,
accommodation,0,N,,
Other,0,AJ,,
British,0,AJ,,
towns,0,N,,
Croydon,0,N,,
and,0,CJ,,
Southampton,0,N,,
among,1,PR,,
them,0,PN,,
are,0,V,,
also,0,AV,,
considering,1,V,,
modern,0,AJ,,
tramways,0,N,,
There,0,EX,,
are,0,V,,
three,0,CR,,
key,0,AJ,,
causes,0,N,,
of,0,PR,,
the,0,AT,,
shambles,1,N,,
Mr,0,N,,
Kenneth,0,N,,
Clarke,0,N,,
the,0,AT,,
failure,0,N,,
to,0,TO,,
separate,1,V,,
emergency,0,N,,
from,1,PR,,
non-emergency,0,N,,
work,0,N,,
and,0,CJ,,
the,0,AT,,
Whitley,0,N,,
Council,0,N,,
negotiating,1,N,,
machinery,1,N,,
The,0,AT,,
Health,0,N,,
Secretary,0,N,,
accused,1,V,,
the,0,AT,,
unions,0,N,,
of,0,PR,,
posturing,1,V,,
and,0,CJ,,
pretending,1,V,,
to,0,TO,,
run,1,V,,
a,0,AT,,
999,0,CR,,
service,0,N,,
yesterday,0,AV,,
George,0,N,,
Graham,0,N,,
was,0,V,,
not,0,XX,,
amused,0,AJ,,
He,0,PN,,
was,0,V,,
awarded,1,V,,
honorary,0,AJ,,
degrees,1,N,,
by,0,PR,,
Algiers,0,N,,
Glasgow,0,N,,
and,0,CJ,,
Oxford,0,N,,
Its,0,DP,,
two,0,CR,,
main,0,AJ,,
slogans,0,N,,
repeated,0,V,,
countless,0,AJ,,
times,0,N,,
in,1,PR,,
the,0,AT,,
directives,0,N,,
issued,1,V,,
by,0,PR,,
the,0,AT,,
underground,1,AJ,,
leadership,0,N,,
are,0,V,,
freedom,1,N,,
and,0,CJ,,
independence,0,N,,
Harsh,1,AJ,,
measures,1,N,,
putting,1,V,,
an,0,AT,,
entire,0,AJ,,
community,0,N,,
under,1,PR,,
an,0,AT,,
absolute,0,AJ,,
curfew,0,N,,
for,1,PR,,
a,0,AT,,
continuous,1,AJ,,
lengthy,0,AJ,,
period,0,N,,
of,1,PR,,
time,0,N,,
demolishing,0,V,,
homes,0,N,,
uprooting,0,V,,
olive,0,AJ,,
or,0,CJ,,
citrus,0,AJ,,
trees,0,N,,
physical,0,AJ,,
intimidation,0,N,,
and,0,CJ,,
terror,0,N,,
tactics,0,N,,
employed,1,V,,
by,0,PR,,
raiding,0,V,,
army,0,N,,
units,0,N,,
shooting,0,V,,
killing,0,V,,
cutting+off,1,V + PR,,
water+supplies,0,N + N,,
or,0,CJ,,
electricity,0,N,,
and,0,CJ,,
telephone,0,N,,
links,1,V,,
to,0,PR,,
villages,0,N,,
or,0,CJ,,
towns,0,N,,
mass,0,AJ,,
arrests,0,N,,
intimidatory,0,AJ,,
interrogation,0,N,,
techniques,0,N,,
can,0,V,,
either,0,AV,,
create,0,V,,
a,0,AT,,
temporary,0,AJ,,
lull,0,N,,
or,0,CJ,,
activate,2,V,,
an,0,AT,,
eruption,2,N,,
The,0,AT,,
offices,0,N,,
of,1,PR,,
R,0,ZZ,,
and,0,CJ,,
B.,0,N,,
Lettings,0,N,,
are,0,V,,
now,0,AV,,
up,1,AV,,
for,1,PR,,
sale,0,N,,
Not,0,XX,,
a,0,AT,,
sign,1,N,,
of,1,PR,,
spring,0,N,,
had,0,V,,
yet,0,AV,,
penetrated,1,V,,
this,1,DT,,
secret,0,AJ,,
valley,0,N,,
but,0,CJ,,
another,0,DT,,
month,0,N,,
would,0,V,,
put,1,V,,
that,1,DT,,
right,0,AJ,,
It,0,PN,,
does,0,V,,
not,0,XX,,
matter,0,V,,
whether+or+not,0,CJ,,
DRG,0,N,,
makes,1,V,,
sellotape,0,N,,
or,0,CJ,,
Basildon,0,N,,
Bond,0,N,,
it,0,PN,,
's,0,V,,
of,0,PR,,
no,0,AT,,
consequence,0,N,,
to,1,PR,,
anybody,0,PN,,
if,0,CJ,,
somebody,0,PN,,
else,0,AV,,
makes,0,V,,
them,0,PN,,
In,0,PR,,
his,0,DP,,
minute,0,N,,
inaccessible,0,AJ,,
capital,0,N,,
which,0,DT,,
today,0,AV,,
has,1,V,,
only,0,AV,,
15,0,CR,,
inhabitants,0,N,,
Nicholas,0,N,,
erected,0,V,,
a,0,AT,,
miniature,0,AJ,,
European,0,AJ,,
court,0,N,,
and,0,CJ,,
an,0,AT,,
exquisitely,0,AV,,
furnished,0,AJ,,
Victorian,0,AJ,,
palace,0,N,,
FISA,0,N,,
was,0,V,,
then,0,AV,,
a,0,AT,,
relatively,0,AV,,
unimportant,0,AJ,,
body,1,N,,
which,0,DT,,
organised,1,V,,
European,0,AJ,,
and,0,CJ,,
other,0,AJ,,
championships,0,N,,
and,0,CJ,,
participated,1,V,,
in,1,PR,,
the,0,AT,,
running,1,N,,
of,0,PR,,
Olympic,0,AJ,,
regattas,0,N,,
In+spite+of,0,PR,,
his,0,DP,,
gift,0,N,,
to,1,PR,,
the,0,AT,,
sport,0,N,,
Keller,0,N,,
was,0,V,,
anxious,0,AJ,,
not,0,XX,,
to,0,TO,,
abuse,1,V,,
his,0,DP,,
status,0,N,,
as,0,CJ,,
President,0,N,,
and,0,CJ,,
never,0,AV,,
went,0,V,,
to,0,PR,,
a,0,AT,,
rowing,0,N,,
event,0,N,,
unless,0,CJ,,
invited,0,V,,
The,0,AT,,
village,0,N,,
is,0,V,,
a,0,AT,,
fantastic,1,AJ,,
institution,0,N,,
and,0,CJ,,
they,0,PN,,
make,1,V,,
people,0,N,,
happier,0,AJ,,
Employment,0,N,,
in,1,PR,,
agriculture,0,N,,
still,0,AV,,
the,0,AT,,
main,0,AJ,,
rural,0,AJ,,
industry,0,N,,
fell,1,V,,
from,1,PR,,
over,1,AV,,
a,0,AT,,
million,0,CR,,
in,1,PR,,
the,0,AT,,
mid-Sixties,0,CR,,
to,1,PR,,
under,1,AV,,
100,0,CR,,
now,0,AV,,
Had,0,V,,
either,0,AV,,
of,0,PR,,
the,0,AT,,
teams,0,N,,
won,1,V,,
they,0,PN,,
would,0,V,,
have,0,V,,
taken,1,V,,
the,0,AT,,
League,0,N,,
leadership,1,N,,
But,0,CJ,,
Dr,0,N,,
Runcie,0,N,,
ideas,0,N,,
of,0,PR,,
a,0,AT,,
limited,0,AJ,,
primacy,0,N,,
recognising,0,V,,
the,0,AT,,
Pope,0,N,,
as,0,PR,,
a,0,AT,,
central,1,AJ,,
figure,0,N,,
in,1,PR,,
the,0,AT,,
Christian,0,AJ,,
Church,0,N,,
who,0,PN,,
would,0,V,,
exercise,1,V,,
a,0,AT,,
primacy,0,N,,
for,0,PR,,
the,0,AT,,
sake,0,N,,
of,0,PR,,
unity,0,N,,
and,0,CJ,,
mission,0,N,,
have,0,V,,
been,0,V,,
rejected,0,V,,
as,0,CJ,,
insufficient,0,AJ,,
by,0,PR,,
the,0,AT,,
Pope,0,N,,
Stack,1,V,,
emissions,0,N,,
of,0,PR,,
PCBs,0,N,,
were,0,V,,
below,1,PR,,
the,0,AT,,
American,0,AJ,,
standard,1,N,,
for,0,PR,,
breathing,0,V,,
air,0,N,,
1,0,CR,,
times,0,N,,
lower,1,AV,,
than,0,CJ,,
the,0,AT,,
British,0,AJ,,
equivalent,0,N,,
The,0,AT,,
sales,0,N,,
combine,1,V,,
items,0,N,,
of,0,PR,,
charm,1,N,,
at,1,PR,,
fairly,0,AV,,
accessible,1,AJ,,
prices,0,N,,
with,0,PR,,
some,0,DT,,
rare,0,AJ,,
treasures,0,N,,
aimed,1,V,,
at,1,PR,,
big-time,0,AJ,,
collectors,0,N,,
That,1,DT,,
is,0,V,,
not,0,XX,,
thirst,0,N,,
Precisely,0,AV,,
next,0,OR,,
door,0,N,,
to,0,PR,,
this,1,DT,,
is,0,V,,
a,0,AT,,
restaurant,0,N,,
called,0,V,,
The,0,AT,,
Great,0,AJ,,
House,0,N,,
Scott,0,N,,
first,0,OR,,
venture,0,N,,
into,1,PR,,
this,1,DT,,
unlikely,0,AJ,,
field,1,N,,
of,0,PR,,
design,0,N,,
was,0,V,,
at,0,PR,,
Battersea,0,N,,
where,0,AV,,
in,1,PR,,
1930,0,CR,,
he,0,PN,,
was,0,V,,
wheeled+in,0,V + AV,,
as,0,PR,,
a,0,AT,,
famous,0,AJ,,
knighted,0,AJ,,
architect,0,N,,
by,0,PR,,
the,0,AT,,
London,0,N,,
Power,1,N,,
Company,0,N,,
to,0,TO,,
try,0,V,,
to,0,TO,,
make,1,V,,
acceptable,0,AJ,,
the,0,AT,,
coal-fired,0,AJ,,
monster,0,N,,
power+station,0,N + N,,
to,1,PR,,
which,0,DT,,
the,0,AT,,
residents,0,N,,
of,0,PR,,
Chelsea,0,N,,
and,0,CJ,,
Westminster,0,N,,
were,0,V,,
taking,1,V,,
strong,1,AJ,,
exception,0,N,,
So,0,AV,,
do,0,V,,
the,0,AT,,
Chinese,0,AJ,,
press,0,N,,
statements,0,N,,
asserting,1,V,,
that,0,CJ,,
Hong,0,N,,
Kong,0,N,,
is,0,V,,
entirely,0,AV,,
a,0,AT,,
business,0,N,,
between,1,PR,,
China,0,N,,
and,0,CJ,,
Britain,0,N,,
and,0,CJ,,
should,0,V,,
not,0,XX,,
be,0,V,,
discussed,0,V,,
formally,0,AV,,
or,0,CJ,,
informally,0,AV,,
at,1,PR,,
any,0,DT,,
international,0,AJ,,
forum,1,N,,
For,0,PR,,
Mrs,0,N,,
Bujok,0,N,,
it,0,PN,,
was,0,V,,
argued,0,V,,
that,0,CJ,,
the,0,AT,,
1936,0,CR,,
Act,0,N,,
was,0,V,,
designed,1,V,,
to,0,TO,,
secure,1,V,,
in,1,PR,,
the,0,AT,,
interests,1,N,,
of,0,PR,,
the,0,AT,,
community,1,N,,
at+large,0,AV,,
that,0,DT,,
statutory,0,AJ,,
nuisances,0,N,,
did,0,V,,
not,0,XX,,
exist,0,V,,
He,0,PN,,
finds+out,0,V + AV,,
what,0,DT,,
the,0,AT,,
needs,0,N,,
of,0,PR,,
the,0,AT,,
business,0,N,,
are,0,V,,
and,0,CJ,,
prescribes,2,V,,
the,0,AT,,
cure,2,N,,
Crucial,0,AJ,,
to,1,PR,,
the,0,AT,,
development,0,N,,
process,0,N,,
is,0,V,,
the,0,AT,,
relationship,0,N,,
built+up,1,V + AV,,
between,1,PR,,
the,0,AT,,
analyst,0,N,,
and,0,CJ,,
the,0,AT,,
user,0,N,,
It,0,PN,,
would,0,V,,
further,1,AV,,
naturalise,2,V,,
and,0,CJ,,
legitimise,0,V,,
the,0,AT,,
evolving,2,AJ,,
skeletal,2,AJ,,
form,1,N,,
of,1,PR,,
Palestinian,0,AJ,,
independence,0,N,,
Howard,0,N,,
Keizner,0,N,,
of,1,PR,,
Landlords,0,N,,
said,0,V,,
There,0,EX,,
were,0,V,,
a,0,AT,,
lot,1,N,,
of,1,PR,,
complications,0,N,,
with,1,PR,,
this,1,DT,,
particular,0,AJ,,
letting,0,N,,
and,0,CJ,,
management,0,N,,
The,0,AT,,
theory,0,N,,
is,0,V,,
that,0,CJ,,
its,0,DP,,
internal,0,AJ,,
air+pocket,0,N + N,,
will,0,V,,
bounce,2,V,,
back,1,AV,,
the,0,AT,,
dolphin,0,N,,
sonar,0,N,,
signal,0,N,,
regardless,0,AV,,
of,0,PR,,
the,0,AT,,
direction,0,N,,
of,0,PR,,
approach,0,N,,
If,0,CJ,,
he,0,PN,,
had,0,V,,
taken,1,V,,
his,0,DP,,
own,0,DT,,
rule,0,N,,
seriously,0,AV,,
he,0,PN,,
would,0,V,,
have,0,V,,
found+out,0,V + AV,,
that,0,CJ,,
DRG,0,N,,
has,0,V,,
a,0,AT,,
very,0,AV,,
modest,1,AJ,,
self-service,0,AJ,,
canteen,0,N,,
at,0,PR,,
its,0,DP,,
Bristol,0,N,,
head,1,AJ,,
office,0,N,,
From,0,PR,,
MR,0,N,,
DENIS,0,N,,
MacSHANE,0,N,,
Labour,0,N,,
law,0,N,,
will,0,V,,
always,0,AV,,
reflect,1,V,,
the,0,AT,,
balance,1,N,,
of,0,PR,,
power,1,N,,
in,1,PR,,
society,0,N,,
and,0,CJ,,
a,0,AT,,
fully+fledged,1,AV + AJ,,
labour,0,N,,
court,0,N,,
system,1,N,,
will,0,V,,
not,0,XX,,
remove,1,V,,
class,0,N,,
and,0,CJ,,
fundamental,0,AJ,,
employer-employee,0,AJ,,
differences,0,N,,
From,0,PR,,
there,0,AV,,
like,0,PR,,
a,0,AT,,
eyrie,2,N,,
its,2,DP,,
in,2,PR,,
buzzard,2,N,,
he,0,PN,,
would,0,V,,
make,1,V,,
forays,1,N,,
round,0,PR,,
the,0,AT,,
US,0,N,,
and,0,CJ,,
abroad,0,AV,,
in+spite+of,0,PR,,
his,0,DP,,
advanced,1,AJ,,
age,0,N,,
It,0,PN,,
would,0,V,,
also,0,AV,,
be,0,V,,
necessary,0,AJ,,
to,0,TO,,
smash,1,V,,
the,0,AT,,
decrepit,1,AJ,,
effete,1,AJ,,
constitution,1,N,,
that,0,CJ,,
allows,1,V,,
a,0,AT,,
minority,0,N,,
to,0,TO,,
capture,1,V,,
power,1,N,,
and,0,CJ,,
then,0,AV,,
use,1,V,,
it,0,PN,,
ruthlessly,0,AV,,
in,1,PR,,
the,0,AT,,
interests,1,N,,
of,0,PR,,
the,0,AT,,
privileged,0,AJ,,
few,0,DT,,
The,0,AT,,
simple,1,AJ,,
answer,0,N,,
is,0,V,,
that,0,CJ,,
Chelsea,0,N,,
are,0,V,,
in,1,PR,,
a,0,AT,,
FALSE,0,AJ,,
position,1,N,,
and,0,CJ,,
Arsenal,0,N,,
on,1,PR,,
this,1,DT,,
evidence,0,N,,
slightly,0,AV,,
jaded,0,AJ,,
champions,0,N,,
But,0,CJ,,
it,0,PN,,
will,0,V,,
not,0,XX,,
mean,1,V,,
that,0,CJ,,
we,0,PN,,
are,0,V,,
abandoning,1,V,,
them,0,PN,,
And,0,CJ,,
Richard,0,N,,
North,0,N,,
looks,1,V,,
at,1,PR,,
current,0,AJ,,
provisions,0,N,,
for,0,PR,,
the,0,AT,,
destruction,0,N,,
of,0,PR,,
PCBs,0,N,,
and,0,CJ,,
at,1,PR,,
the,0,AT,,
history,0,N,,
of,0,PR,,
British,0,AJ,,
involvement,0,N,,
in,1,PR,,
a,0,AT,,
rather,0,AV,,
uncomfortable,1,AJ,,
growth+industry,0,N + N,,
The,0,AT,,
security+guard,0,N + N,,
at,0,PR,,
the,0,AT,,
entrance,0,N,,
to,0,PR,,
one,0,CR,,
of,0,PR,,
Britain,0,N,,
mightiest,0,AJ,,
hazardous,0,AJ,,
waste,0,N,,
disposal,0,N,,
plants,1,N,,
pressed,0,V,,
a,0,AT,,
button,0,N,,
and,0,CJ,,
the,0,AT,,
gate,0,N,,
opened,0,V,,
A,0,AT,,
grin,0,N,,
In,1,PR,,
1986,0,CR,,
according+to,0,PR,,
Friends,1,N,,
of,0,PR,,
the,0,AT,,
Earth,0,N,,
a,0,AT,,
survey,1,N,,
of,0,PR,,
the,0,AT,,
homes,0,N,,
clustered,0,V,,
on,0,PR,,
the,0,AT,,
surrounding,0,AJ,,
hills,0,N,,
found,1,V,,
that,0,CJ,,
three-quarters,0,CR,,
of,0,PR,,
800,0,CR,,
residents,0,N,,
were,0,V,,
opposed,0,AJ,,
to,1,PR,,
the,0,AT,,
Rechem,0,N,,
plant,1,N,,
Zinc,0,N,,
is,0,V,,
the,0,AT,,
latest,0,AJ,,
lack,0,N,,
of,0,PR,,
it,0,PN,,
supposedly,0,AV,,
causes,0,V,,
a,0,AT,,
range,1,N,,
of,0,PR,,
problems,0,N,,
although,0,CJ,,
little,0,AV,,
scientific,0,AJ,,
evidence,0,N,,
supports,1,V,,
the,0,AT,,
link,1,N,,
It,0,PN,,
will,0,V,,
be,0,V,,
my,0,DP,,
turn,1,N,,
to,0,TO,,
get+in,0,V + AV,,
them,0,PN,,
I,0,PN,,
think,0,V,,
Completion,0,N,,
normally,0,AV,,
takes,1,V,,
place,1,N,,
four,0,CR,,
to,1,PR,,
eight,0,CR,,
weeks,0,N,,
later,0,AV,,
and,0,CJ,,
there,0,EX,,
is,0,V,,
no,0,AT,,
opportunity,0,N,,
for,0,PR,,
second,0,OR,,
thoughts,0,N,,
Of,0,PR,,
the,0,AT,,
two,0,CR,,
prototype,0,N,,
rock,0,N,,
songwriters,0,N,,
it,0,PN,,
's,0,V,,
the,0,AT,,
more,0,AV,,
worldly,0,AJ,,
Chuck,0,N,,
Berry,0,N,,
you,0,PN,,
turn,1,V,,
to,1,PR,,
for,0,PR,,
the,0,AT,,
authentic,0,AJ,,
picture,1,N,,
of,0,PR,,
teenage,0,AJ,,
pleasures,0,N,,
in,0,PR,,
Eisenhower,0,N,,
America,0,N,,
Gon,0,V,,
na,0,TO,,
write,0,V,,
a,0,AT,,
little,0,AJ,,
letter,0,N,,
Gon,0,V,,
na,0,TO,,
mail,0,V,,
it,0,PN,,
to,0,PR,,
my,0,DP,,
local,0,AJ,,
deejay,0,N,,
Clapham,0,N,,
indeed,0,AV,,
accounts,0,V,,
for,0,PR,,
nearly,0,AV,,
half,0,DT,,
the,0,AT,,
77,0,CR,,
fatalities,0,N,,
of,0,PR,,
the,0,AT,,
last,0,OR,,
ten,0,CR,,
years,0,N,,
compare,0,V,,
that,1,CJ,,
with,1,PR,,
the,0,AT,,
5,0,CR,,
deaths,0,N,,
and,0,CJ,,
300,0,CR,,
injuries,0,N,,
every,0,AT,,
year,0,N,,
on,0,PR,,
the,0,AT,,
roads,0,N,,
Yet,0,AV,,
the,0,AT,,
ambulance,0,N,,
worker,0,N,,
is,0,V,,
only,0,AV,,
being,0,V,,
offered,0,V,,
"£10,000",0,N,,
when,0,CJ,,
a,0,AT,,
fire,0,N,,
officer,0,N,,
is,0,V,,
being,0,V,,
given,0,V,,
"£13,000",0,N,,
and,0,CJ,,
a,0,AT,,
Metropolitan,0,AJ,,
police,0,N,,
constable,0,N,,
can,0,V,,
earn,0,V,,
"£25,000",0,N,,
Natalie,0,N,,
Ford,0,N,,
Brighton,0,N,,
Water,0,N,,
is,0,V,,
everywhere,0,AV,,
canals,0,N,,
streams,0,N,,
small,0,AJ,,
busy,1,AJ,,
rivers,0,N,,
with,1,PR,,
charming,0,AJ,,
names,0,N,,
like,0,PR,,
the,0,AT,,
Boutonne,0,N,,
the,0,AT,,
Mignon,0,N,,
and,0,CJ,,
the,0,AT,,
Belle,0,N,,
and,0,CJ,,
big,0,AJ,,
lazy,1,AJ,,
rivers,0,N,,
like,0,PR,,
the,0,AT,,
Sevre,0,N,,
Niortaise,0,N,,
and,0,CJ,,
the,0,AT,,
Charente,0,N,,
Since,0,PR,,
1986,0,CR,,
Rytasha,0,N,,
has,0,V,,
broken+away+from,1,V + PR,,
her,0,DP,,
guru,0,N,,
and,0,CJ,,
set+up,1,V + AV,,
on,1,PR,,
her,0,DP,,
own,0,DT,,
with,1,PR,,
a,0,AT,,
charity,0,N,,
called,0,V,,
Food,0,N,,
Relief,0,N,,
International,0,AJ,,
which,0,DT,,
raises,1,V,,
money,0,N,,
from,0,PR,,
the,0,AT,,
fiercely,0,AV,,
competitive,0,AJ,,
matrons,0,N,,
of,0,PR,,
Palm,0,N,,
Beach,0,N,,
and,0,CJ,,
distributes,1,V,,
it,0,PN,,
to,0,PR,,
the,0,AT,,
starving,0,AJ,,
people,0,N,,
of,0,PR,,
Bangladesh,0,N,,
Michael,0,N,,
Freeman,0,N,,
the,0,AT,,
solicitor,0,N,,
who,0,PN,,
advised,0,V,,
the,0,AT,,
members,1,N,,
on,1,PR,,
court,0,N,,
action,0,N,,
said,0,V,,
yesterday,0,AV,,
This,1,DT,,
will,0,V,,
cause,0,V,,
the,0,AT,,
most,0,AV,,
dreadful,0,AJ,,
hardship,0,N,,
From,1,PR,,
1940,0,CR,,
to,1,PR,,
1954,0,CR,,
he,0,PN,,
wrote,0,V,,
regularly,0,AV,,
for,0,PR,,
the,0,AT,,
New,0,N,,
York,0,N,,
Herald,0,N,,
Tribune,0,N,,
and,0,CJ,,
four,0,CR,,
volumes,0,N,,
of,0,PR,,
his,0,DP,,
notices,0,N,,
have,0,V,,
appeared,1,V,,
in,1,PR,,
book,0,N,,
form,1,N,,
But,0,CJ,,
it,0,PN,,
was,0,V,,
the,0,AT,,
spirit,1,N,,
of,0,PR,,
Henley,0,N,,
with,1,PR,,
huge,0,AJ,,
crowds,0,N,,
enjoying,0,V,,
amateur,0,AJ,,
sport,0,N,,
presented,1,V,,
with,1,PR,,
administrative,0,AJ,,
finesse,0,N,,
which,0,DT,,
Keller,0,N,,
took,1,V,,
as,0,PR,,
the,0,AT,,
yardstick,1,N,,
for,0,PR,,
the,0,AT,,
international,0,AJ,,
circuit,1,N,,
This,1,DT,,
may,0,V,,
sound,0,V,,
utopian,0,AJ,,
but,0,CJ,,
it,0,PN,,
has,0,V,,
been,0,V,,
borne+out,0,V + AV,,
by,0,PR,,
the,0,AT,,
experience,0,N,,
of,0,PR,,
existing,0,AJ,,
telecottages,0,N,,
Modern,0,AJ,,
audiences,0,N,,
no+longer,0,AV,,
accept,0,V,,
plastic,0,N,,
bushes,0,N,,
and,0,CJ,,
the,0,AT,,
southern,0,AJ,,
Californian,0,AJ,,
suburban,0,AJ,,
sprawl,1,N,,
means,1,V,,
the,0,AT,,
production,0,N,,
companies,0,N,,
have,0,V,,
to,0,TO,,
take,1,V,,
their,0,DP,,
horses,0,N,,
and,0,CJ,,
cows,0,N,,
to,0,PR,,
locations,0,N,,
far,0,AV,,
away,0,AV,,
in,0,PR,,
Arizona,0,N,,
or,0,CJ,,
Montana,0,N,,
Now,0,AV,,
there,0,EX,,
are,0,V,,
maybe,0,AV,,
two,0,CR,,
Prints,0,N,,
watercolours,0,N,,
oil+paintings,0,N + N,,
furniture,0,N,,
and,0,CJ,,
architectural,0,AJ,,
effects,0,N,,
Tuesday,0,N,,
1.30pm,0,AV,,
Less,0,AV,,
happily,0,AV,,
but,0,CJ,,
for,0,PR,,
the,0,AT,,
same,0,DT,,
reason,0,N,,
repossessed,0,AJ,,
houses,0,N,,
are,0,V,,
often,0,AV,,
auctioned,0,V,,
Mr,0,N,,
Duncan,0,N,,
Nichol,0,N,,
wants,0,V,,
to,0,TO,,
separate,1,V,,
the,0,AT,,
emergency,0,N,,
from,1,PR,,
the,0,AT,,
non-emergency,0,N,,
work,0,N,,
Our,0,DP,,
latest,0,AJ,,
Foreign,0,AJ,,
Secretary,0,N,,
has,0,V,,
yet,0,AV,,
to,0,TO,,
publicly,0,AV,,
pick+up,0,V + AV,,
the,0,AT,,
file,0,N,,
marked,0,V,,
Hong,0,N,,
Kong,0,N,,
They,0,PN,,
may,0,V,,
rightly,0,AV,,
feel,1,V,,
that,0,CJ,,
it,0,PN,,
is,0,V,,
all,0,DT,,
really,0,AV,,
rather,0,AV,,
appalling,0,AJ,,
Parliament,0,N,,
should,0,V,,
give,1,V,,
fresh,1,AJ,,
thought,0,N,,
to,1,PR,,
enacting,1,V,,
a,0,AT,,
provision,0,N,,
placing,1,V,,
an,0,AT,,
obligation,0,N,,
upon,1,PR,,
a,0,AT,,
council,0,N,,
tenant,0,N,,
to,0,TO,,
give,1,V,,
notice,0,N,,
to,1,PR,,
the,0,AT,,
council,0,N,,
before,1,PR,,
being,0,V,,
permitted,0,V,,
to,0,TO,,
commence,0,V,,
proceedings,0,N,,
By,0,PR,,
Robert,0,N,,
Armstrong,0,N,,
in,0,PR,,
Dublin,0,N,,
Leinster,0,N,,
have,0,V,,
named,0,V,,
a,0,AT,,
team,0,N,,
that,0,CJ,,
looks,1,V,,
strong,1,AJ,,
on,1,PR,,
paper,1,N,,
including,0,PR,,
eight,0,CR,,
internationals,0,N,,
yet,0,AV,,
they,0,PN,,
recently,0,AV,,
lost,1,V,,
to,1,PR,,
both,0,AV,,
Munster,0,N,,
and,0,CJ,,
Ulster,0,N,,
in,1,PR,,
the,0,AT,,
Inter-Provincial,0,AJ,,
Championship,0,N,,
No,0,AT,,
supporter,0,N,,
of,0,PR,,
the,0,AT,,
Latics,0,N,,
dared,0,V,,
dream,1,V,,
it,0,PN,,
but,0,CJ,,
suddenly,0,AV,,
the,0,AT,,
improbable,0,AJ,,
was,0,V,,
a,0,AT,,
throbbing,2,AJ,,
joyous,0,AJ,,
reality,0,N,,
Quinn,0,N,,
held,0,V,,
his,0,DP,,
head,0,N,,
in,1,PR,,
disbelief,0,N,,
But,0,CJ,,
he,0,PN,,
also,0,AV,,
said,0,V,,
Let's,0,V,,
not,0,XX,,
take+away+from,0,V + PR,,
any,0,DT,,
credit,1,N,,
Oldham,0,N,,
However,0,AV,,
the,0,AT,,
City,0,N,,
had,0,V,,
been,0,V,,
expecting,1,V,,
bad,0,AJ,,
figures,0,N,,
and,0,CJ,,
the,0,AT,,
shares,0,N,,
rose,1,V,,
15p,0,N,,
to,1,PR,,
239p,0,N,,
Frankfurt,0,N,,
FAZ,0,V,,
index,0,N,,
695.74,0,CR,,
684.01,0,CR,,
There,0,EX,,
is,0,V,,
more,0,DT,,
greenery,0,N,,
further,0,AV,,
south,0,N,,
in,0,PR,,
the,0,AT,,
deep,0,AJ,,
forest,0,N,,
of,0,PR,,
Chize,0,N,,
with,0,PR,,
the,0,AT,,
fine,1,AJ,,
Renaissance,0,N,,
chateau,0,N,,
of,0,PR,,
Dampierre-sur-Boutonne,0,N,,
at,0,PR,,
its,0,DP,,
edge,0,N,,
and,0,CJ,,
more,0,DT,,
marshes,0,N,,
to,0,PR,,
the,0,AT,,
west,0,N,,
around,0,PR,,
Rochefort,0,N,,
and,0,CJ,,
Marennes,0,N,,
where,0,CJ,,
those,1,DT,,
mussels,0,N,,
and,0,CJ,,
oysters,0,N,,
are,0,V,,
raised,1,V,,
Hilda,0,N,,
Amiel,0,N,,
alleged,0,V,,
to,0,TO,,
be,0,V,,
the,0,AT,,
very,0,AJ,,
godmother,2,N,,
of,0,PR,,
fake,0,AJ,,
art,0,N,,
has,0,V,,
been,0,V,,
arraigned,0,V,,
for,0,PR,,
her,0,DP,,
part,1,N,,
in,1,PR,,
what,0,DT,,
the,0,AT,,
US,0,N,,
Attorney,0,N,,
calls,0,V,,
the,0,AT,,
single,0,AJ,,
largest,1,AJ,,
worldwide,0,AJ,,
source,1,N,,
and,0,CJ,,
distribution,0,N,,
network,1,N,,
of,0,PR,,
bogus,0,AJ,,
prints,0,N,,
